,snapshot_date,Total Population
0,2016-06-02,9836
1,2016-06-03,9780
2,2016-06-04,9765
3,2016-06-05,9894
4,2016-06-06,9904
5,2016-06-07,9826
6,2016-06-08,9817
7,2016-06-09,9802
8,2016-06-10,9745
9,2016-06-11,9737
10,2016-06-12,9847
11,2016-06-13,9885
12,2016-06-14,9833
13,2016-06-15,9790
14,2016-06-16,9765
15,2016-06-17,9736
16,2016-06-18,9751
17,2016-06-19,9847
18,2016-06-20,9864
19,2016-06-21,9792
20,2016-06-22,9785
21,2016-06-23,9798
22,2016-06-24,9750
23,2016-06-25,9777
24,2016-06-26,9871
25,2016-06-27,9917
26,2016-06-28,9829
27,2016-06-29,9783
28,2016-06-30,9792
29,2016-07-01,9747
30,2016-07-02,9744
31,2016-07-03,9814
32,2016-07-04,9893
33,2016-07-05,9889
34,2016-07-06,9811
35,2016-07-07,9757
36,2016-07-08,9714
37,2016-07-09,9730
38,2016-07-10,9823
39,2016-07-11,9847
40,2016-07-12,9750
41,2016-07-13,9691
42,2016-07-14,9709
43,2016-07-15,9662
44,2016-07-16,9648
45,2016-07-17,9756
46,2016-07-18,9761
47,2016-07-19,9704
48,2016-07-20,9696
49,2016-07-21,9709
50,2016-07-22,9671
51,2016-07-23,9667
52,2016-07-24,9768
53,2016-07-25,9779
54,2016-07-26,9719
55,2016-07-27,9693
56,2016-07-28,9706
57,2016-07-29,9680
58,2016-07-30,9698
59,2016-07-31,9806
60,2016-08-01,9809
61,2016-08-02,9739
62,2016-08-03,9715
63,2016-08-04,9713
64,2016-08-05,9720
65,2016-08-06,9713
66,2016-08-07,9806
67,2016-08-08,9832
68,2016-08-09,9763
69,2016-08-10,9761
70,2016-08-11,9752
71,2016-08-12,9751
72,2016-08-13,9757
73,2016-08-14,9856
74,2016-08-15,9862
75,2016-08-16,9772
76,2016-08-17,9729
77,2016-08-18,9739
78,2016-08-19,9729
79,2016-08-20,9775
80,2016-08-21,9867
81,2016-08-22,9838
82,2016-08-23,9784
83,2016-08-24,9720
84,2016-08-25,9756
85,2016-08-26,9759
86,2016-08-27,9798
87,2016-08-28,9945
88,2016-08-29,9957
89,2016-08-30,9915
90,2016-08-31,9855
91,2016-09-01,9826
92,2016-09-02,9770
93,2016-09-03,9732
94,2016-09-04,9837
95,2016-09-05,9936
96,2016-09-06,9940
97,2016-09-07,9880
98,2016-09-08,9848
99,2016-09-09,9797
100,2016-09-10,9821
101,2016-09-11,9924
102,2016-09-12,9948
103,2016-09-13,9880
104,2016-09-14,9883
105,2016-09-15,9886
106,2016-09-16,9851
107,2016-09-17,9891
108,2016-09-18,9963
109,2016-09-19,10001
110,2016-09-20,9911
111,2016-09-21,9826
112,2016-09-22,9845
113,2016-09-23,9840
114,2016-09-24,9856
115,2016-09-25,9950
116,2016-09-26,9939
117,2016-09-27,9863
118,2016-09-28,9824
119,2016-09-29,9799
120,2016-09-30,9757
121,2016-10-01,9751
122,2016-10-02,9858
123,2016-10-03,9845
124,2016-10-04,9780
125,2016-10-05,9750
126,2016-10-06,9748
127,2016-10-07,9692
128,2016-10-08,9706
129,2016-10-09,9800
130,2016-10-10,9859
131,2016-10-11,9859
132,2016-10-12,9793
133,2016-10-13,9774
134,2016-10-14,9755
135,2016-10-15,9790
136,2016-10-16,9893
137,2016-10-17,9895
138,2016-10-18,9866
139,2016-10-19,9818
140,2016-10-20,9806
141,2016-10-21,9784
142,2016-10-22,9813
143,2016-10-23,9886
144,2016-10-24,9886
145,2016-10-25,9831
146,2016-10-26,9809
147,2016-10-27,9827
148,2016-10-28,9805
149,2016-10-29,9775
150,2016-10-30,9844
151,2016-10-31,9889
152,2016-11-01,9829
153,2016-11-02,9764
154,2016-11-03,9760
155,2016-11-04,9742
156,2016-11-05,9779
157,2016-11-06,9905
158,2016-11-07,9901
159,2016-11-08,9827
160,2016-11-09,9854
161,2016-11-10,9763
162,2016-11-11,9740
163,2016-11-12,9804
164,2016-11-13,9902
165,2016-11-14,9875
166,2016-11-15,9828
167,2016-11-16,9778
168,2016-11-17,9775
169,2016-11-18,9752
170,2016-11-19,9767
171,2016-11-20,9847
172,2016-11-21,9845
173,2016-11-22,9759
174,2016-11-23,9666
175,2016-11-24,9646
176,2016-11-25,9626
177,2016-11-26,9606
178,2016-11-27,9705
179,2016-11-28,9655
180,2016-11-29,9585
181,2016-11-30,9551
182,2016-12-01,9577
183,2016-12-02,9561
184,2016-12-03,9602
185,2016-12-04,9681
186,2016-12-05,9679
187,2016-12-06,9606
188,2016-12-07,9575
189,2016-12-08,9574
190,2016-12-09,9565
191,2016-12-10,9581
192,2016-12-11,9650
193,2016-12-12,9652
194,2016-12-13,9594
195,2016-12-14,9528
196,2016-12-15,9544
197,2016-12-16,9492
198,2016-12-17,9446
199,2016-12-18,9513
200,2016-12-19,9497
201,2016-12-20,9427
202,2016-12-21,9354
203,2016-12-22,9308
204,2016-12-23,9208
205,2016-12-24,9180
206,2016-12-25,9203
207,2016-12-26,9233
208,2016-12-27,9209
209,2016-12-28,9191
210,2016-12-29,9180
211,2016-12-30,9170
212,2016-12-31,9143
213,2017-01-01,9189
214,2017-01-02,9238
215,2017-01-03,9227
216,2017-01-04,9202
217,2017-01-05,9241
218,2017-01-06,9242
219,2017-01-07,9246
220,2017-01-08,9346
221,2017-01-09,9323
222,2017-01-10,9265
223,2017-01-11,9249
224,2017-01-12,9300
225,2017-01-13,9274
226,2017-01-14,9312
227,2017-01-15,9385
228,2017-01-16,9441
229,2017-01-17,9447
230,2017-01-18,9427
231,2017-01-19,9470
232,2017-01-20,9455
233,2017-01-21,9473
234,2017-01-22,9572
235,2017-01-23,9585
236,2017-01-24,9552
237,2017-01-25,9493
238,2017-01-26,9513
239,2017-01-27,9498
240,2017-01-28,9509
241,2017-01-29,9624
242,2017-01-30,9648
243,2017-01-31,9614
244,2017-02-01,9552
245,2017-02-02,9517
246,2017-02-03,9454
247,2017-02-04,9500
248,2017-02-05,9559
249,2017-02-06,9532
250,2017-02-07,9490
251,2017-02-08,9473
252,2017-02-09,9491
253,2017-02-10,9501
254,2017-02-11,9443
255,2017-02-12,9518
256,2017-02-13,9567
257,2017-02-14,9593
258,2017-02-15,9560
259,2017-02-16,9558
260,2017-02-17,9485
261,2017-02-18,9488
262,2017-02-19,9586
263,2017-02-20,9655
264,2017-02-21,9656
265,2017-02-22,9603
266,2017-02-23,9522
267,2017-02-24,9465
268,2017-02-25,9457
269,2017-02-26,9537
270,2017-02-27,9521
271,2017-02-28,9481
272,2017-03-01,9481
273,2017-03-02,9433
274,2017-03-03,9392
275,2017-03-04,9403
276,2017-03-05,9476
277,2017-03-06,9489
278,2017-03-07,9434
279,2017-03-08,9433
280,2017-03-09,9452
281,2017-03-10,9418
282,2017-03-11,9468
283,2017-03-12,9523
284,2017-03-13,9525
285,2017-03-14,9487
286,2017-03-15,9394
287,2017-03-16,9338
288,2017-03-17,9304
289,2017-03-18,9279
290,2017-03-19,9355
291,2017-03-20,9357
292,2017-03-21,9304
293,2017-03-22,9314
294,2017-03-23,9354
295,2017-03-24,9331
296,2017-03-25,9348
297,2017-03-26,9430
298,2017-03-27,9452
299,2017-03-28,9374
300,2017-03-29,9361
301,2017-03-30,9375
302,2017-03-31,9341
303,2017-04-01,9322
304,2017-04-02,9391
305,2017-04-03,9414
306,2017-04-04,9355
307,2017-04-05,9330
308,2017-04-06,9375
309,2017-04-07,9331
310,2017-04-08,9359
311,2017-04-09,9420
312,2017-04-10,9425
313,2017-04-11,9342
314,2017-04-12,9282
315,2017-04-13,9256
316,2017-04-14,9157
317,2017-04-15,9168
318,2017-04-16,9255
319,2017-04-17,9275
320,2017-04-18,9227
321,2017-04-19,9223
322,2017-04-20,9237
323,2017-04-21,9175
324,2017-04-22,9236
325,2017-04-23,9334
326,2017-04-24,9317
327,2017-04-25,9258
328,2017-04-26,9274
329,2017-04-27,9308
330,2017-04-28,9284
331,2017-04-29,9320
332,2017-04-30,9394
333,2017-05-01,9406
334,2017-05-02,9342
335,2017-05-03,9314
336,2017-05-04,9351
337,2017-05-05,9323
338,2017-05-06,9353
339,2017-05-07,9418
340,2017-05-08,9431
341,2017-05-09,9340
342,2017-05-10,9290
343,2017-05-11,9281
344,2017-05-12,9284
345,2017-05-13,9315
346,2017-05-14,9375
347,2017-05-15,9337
348,2017-05-16,9266
349,2017-05-17,9255
350,2017-05-18,9284
351,2017-05-19,9268
352,2017-05-20,9269
353,2017-05-21,9346
354,2017-05-22,9362
355,2017-05-23,9278
356,2017-05-24,9243
357,2017-05-25,9208
358,2017-05-26,9191
359,2017-05-27,9164
360,2017-05-28,9260
361,2017-05-29,9321
362,2017-05-30,9312
363,2017-05-31,9288
364,2017-06-01,9272
365,2017-06-02,9235
366,2017-06-03,9270
367,2017-06-04,9364
368,2017-06-05,9339
369,2017-06-06,9270
370,2017-06-07,9200
371,2017-06-08,9210
372,2017-06-09,9234
373,2017-06-10,9195
374,2017-06-11,9281
375,2017-06-12,9303
376,2017-06-13,9242
377,2017-06-14,9218
378,2017-06-15,9222
379,2017-06-16,9183
380,2017-06-17,9195
381,2017-06-18,9304
382,2017-06-19,9311
383,2017-06-20,9230
384,2017-06-21,9221
385,2017-06-22,9219
386,2017-06-23,9185
387,2017-06-24,9238
388,2017-06-25,9315
389,2017-06-26,9310
390,2017-06-27,9277
391,2017-06-28,9253
392,2017-06-29,9242
393,2017-06-30,9215
394,2017-07-01,9196
395,2017-07-02,9256
396,2017-07-03,9245
397,2017-07-04,9217
398,2017-07-05,9241
399,2017-07-06,9186
400,2017-07-07,9171
401,2017-07-08,9165
402,2017-07-09,9252
403,2017-07-10,9250
404,2017-07-11,9196
405,2017-07-12,9124
406,2017-07-13,9090
407,2017-07-14,9107
408,2017-07-15,9157
409,2017-07-16,9232
410,2017-07-17,9255
411,2017-07-18,9195
412,2017-07-19,9203
413,2017-07-20,9205
414,2017-07-21,9192
415,2017-07-22,9204
416,2017-07-23,9305
417,2017-07-24,9316
418,2017-07-25,9263
419,2017-07-26,9231
420,2017-07-27,9218
421,2017-07-28,9189
422,2017-07-29,9190
423,2017-07-30,9282
424,2017-07-31,9329
425,2017-08-01,9215
426,2017-08-02,9198
427,2017-08-03,9177
428,2017-08-04,9176
429,2017-08-05,9183
430,2017-08-06,9272
431,2017-08-07,9281
432,2017-08-08,9218
433,2017-08-09,9196
434,2017-08-10,9224
435,2017-08-11,9209
436,2017-08-12,9215
437,2017-08-13,9298
438,2017-08-14,9346
439,2017-08-15,9242
440,2017-08-16,9212
441,2017-08-17,9216
442,2017-08-18,9194
443,2017-08-19,9183
444,2017-08-20,9246
445,2017-08-21,9252
446,2017-08-22,9214
447,2017-08-23,9190
448,2017-08-24,9197
449,2017-08-25,9162
450,2017-08-26,9151
451,2017-08-27,9222
452,2017-08-28,9224
453,2017-08-29,9206
454,2017-08-30,9178
455,2017-08-31,9184
456,2017-09-01,9165
457,2017-09-02,9128
458,2017-09-03,9200
459,2017-09-04,9265
460,2017-09-05,9279
461,2017-09-06,9254
462,2017-09-07,9293
463,2017-09-08,9293
464,2017-09-09,9323
465,2017-09-10,9388
466,2017-09-11,9402
467,2017-09-12,9372
468,2017-09-13,9362
469,2017-09-14,9381
470,2017-09-15,9382
471,2017-09-16,9368
472,2017-09-17,9443
473,2017-09-18,9446
474,2017-09-19,9397
475,2017-09-20,9387
476,2017-09-21,9307
477,2017-09-22,9243
478,2017-09-23,9246
479,2017-09-24,9353
480,2017-09-25,9347
481,2017-09-26,9294
482,2017-09-27,9250
483,2017-09-28,9247
484,2017-09-29,9203
485,2017-09-30,9151
486,2017-10-01,9233
487,2017-10-02,9239
488,2017-10-03,9168
489,2017-10-04,9143
490,2017-10-05,9163
491,2017-10-06,9155
492,2017-10-07,9156
493,2017-10-08,9237
494,2017-10-09,9303
495,2017-10-10,9308
496,2017-10-11,9250
497,2017-10-12,9256
498,2017-10-13,9243
499,2017-10-14,9225
500,2017-10-15,9315
501,2017-10-16,9315
502,2017-10-17,9240
503,2017-10-18,9202
504,2017-10-19,9188
505,2017-10-20,9178
506,2017-10-21,9211
507,2017-10-22,9300
508,2017-10-23,9322
509,2017-10-24,9254
510,2017-10-25,9264
511,2017-10-26,9251
512,2017-10-27,9244
513,2017-10-28,9269
514,2017-10-29,9340
515,2017-10-30,9353
516,2017-10-31,9263
517,2017-11-01,9231
518,2017-11-02,9191
519,2017-11-03,9164
520,2017-11-04,9164
521,2017-11-05,9268
522,2017-11-06,9293
523,2017-11-07,9229
524,2017-11-08,9287
525,2017-11-09,9220
526,2017-11-10,9164
527,2017-11-11,9235
528,2017-11-12,9315
529,2017-11-13,9329
530,2017-11-14,9253
531,2017-11-15,9272
532,2017-11-16,9292
533,2017-11-17,9260
534,2017-11-18,9244
535,2017-11-19,9308
536,2017-11-20,9304
537,2017-11-21,9227
538,2017-11-22,9157
539,2017-11-23,9152
540,2017-11-24,9144
541,2017-11-25,9123
542,2017-11-26,9195
543,2017-11-27,9221
544,2017-11-28,9137
545,2017-11-29,9132
546,2017-11-30,9143
547,2017-12-01,9134
548,2017-12-02,9125
549,2017-12-03,9173
550,2017-12-04,9203
551,2017-12-05,9163
552,2017-12-06,9154
553,2017-12-07,9173
554,2017-12-08,9155
555,2017-12-09,9145
556,2017-12-10,9216
557,2017-12-11,9249
558,2017-12-12,9193
559,2017-12-13,9140
560,2017-12-14,9131
561,2017-12-15,9077
562,2017-12-16,9052
563,2017-12-17,9098
564,2017-12-18,9090
565,2017-12-19,9038
566,2017-12-20,9006
567,2017-12-21,8989
568,2017-12-22,8881
569,2017-12-23,8807
570,2017-12-24,8894
571,2017-12-25,8934
572,2017-12-26,8909
573,2017-12-27,8857
574,2017-12-28,8825
575,2017-12-29,8774
576,2017-12-30,8750
577,2017-12-31,8812
578,2018-01-02,8814
579,2018-01-03,8796
580,2018-01-04,8813
581,2018-01-05,8831
582,2018-01-06,8810
583,2018-01-07,8867
584,2018-01-08,8878
585,2018-01-09,8866
586,2018-01-10,8871
587,2018-01-11,8914
588,2018-01-12,8938
589,2018-01-13,8935
590,2018-01-14,8987
591,2018-01-15,9043
592,2018-01-16,9063
593,2018-01-17,9063
594,2018-01-18,9081
595,2018-01-19,9052
596,2018-01-20,9039
597,2018-01-21,9098
598,2018-01-22,9118
599,2018-01-23,9111
600,2018-01-24,9087
601,2018-01-25,9076
602,2018-01-26,9082
603,2018-01-27,9114
604,2018-01-28,9186
605,2018-01-29,9205
606,2018-01-30,9141
607,2018-01-31,9121
608,2018-02-01,9116
609,2018-02-02,9108
610,2018-02-03,9107
611,2018-02-04,9179
612,2018-02-05,9179
613,2018-02-06,9121
614,2018-02-07,9096
615,2018-02-08,9108
616,2018-02-09,9039
617,2018-02-10,9044
618,2018-02-11,9092
619,2018-02-12,9112
620,2018-02-13,9113
621,2018-02-14,9059
622,2018-02-15,9056
623,2018-02-16,9005
624,2018-02-17,9027
625,2018-02-18,9087
626,2018-02-19,9148
627,2018-02-20,9135
628,2018-02-21,9082
629,2018-02-22,9047
630,2018-02-23,9028
631,2018-02-24,9029
632,2018-02-25,9083
633,2018-02-26,9100
634,2018-02-27,9078
635,2018-02-28,9033
636,2018-03-01,9045
637,2018-03-02,9035
638,2018-03-03,8987
639,2018-03-04,9044
640,2018-03-05,9057
641,2018-03-06,9001
642,2018-03-07,9005
643,2018-03-08,8994
644,2018-03-09,8958
645,2018-03-10,8941
646,2018-03-12,8994
647,2018-03-13,8965
648,2018-03-14,8905
649,2018-03-15,8913
650,2018-03-16,8899
651,2018-03-17,8904
652,2018-03-18,8994
653,2018-03-19,8954
654,2018-03-20,8898
655,2018-03-21,8843
656,2018-03-22,8826
657,2018-03-23,8752
658,2018-03-24,8763
659,2018-03-25,8832
660,2018-03-26,8834
661,2018-03-27,8770
662,2018-03-28,8745
663,2018-03-29,8742
664,2018-03-30,8698
665,2018-03-31,8695
666,2018-04-01,8730
667,2018-04-02,8741
668,2018-04-03,8679
669,2018-04-04,8658
670,2018-04-05,8663
671,2018-04-06,8648
672,2018-04-07,8635
673,2018-04-08,8720
674,2018-04-09,8727
675,2018-04-10,8653
676,2018-04-11,8643
677,2018-04-12,8647
678,2018-04-13,8588
679,2018-04-14,8577
680,2018-04-15,8665
681,2018-04-16,8667
682,2018-04-17,8608
683,2018-04-18,8600
684,2018-04-19,8570
685,2018-04-20,8575
686,2018-04-21,8578
687,2018-04-22,8654
688,2018-04-23,8673
689,2018-04-24,8641
690,2018-04-25,8613
691,2018-04-26,8636
692,2018-04-27,8646
693,2018-04-28,8609
694,2018-04-29,8670
695,2018-04-30,8678
696,2018-05-01,8620
697,2018-05-02,8581
698,2018-05-03,8588
699,2018-05-04,8560
700,2018-05-05,8540
701,2018-05-06,8626
702,2018-05-07,8639
703,2018-05-08,8567
704,2018-05-09,8501
705,2018-05-10,8522
706,2018-05-11,8501
707,2018-05-12,8511
708,2018-05-13,8555
709,2018-05-14,8567
710,2018-05-15,8503
711,2018-05-16,8446
712,2018-05-17,8434
713,2018-05-18,8411
714,2018-05-19,8404
715,2018-05-20,8474
716,2018-05-21,8482
717,2018-05-22,8447
718,2018-05-23,8415
719,2018-05-24,8391
720,2018-05-25,8338
721,2018-05-26,8310
722,2018-05-27,8388
723,2018-05-28,8443
724,2018-05-29,8441
725,2018-05-30,8401
726,2018-05-31,8363
727,2018-06-01,8347
728,2018-06-02,8339
729,2018-06-03,8407
730,2018-06-04,8420
731,2018-06-05,8358
732,2018-06-06,8307
733,2018-06-07,8319
734,2018-06-08,8353
735,2018-06-09,8332
736,2018-06-10,8393
737,2018-06-11,8416
738,2018-06-12,8362
739,2018-06-13,8336
740,2018-06-14,8331
741,2018-06-15,8303
742,2018-06-16,8279
743,2018-06-17,8367
744,2018-06-18,8365
745,2018-06-19,8296
746,2018-06-20,8285
747,2018-06-21,8302
748,2018-06-22,8249
749,2018-06-23,8255
750,2018-06-24,8318
751,2018-06-25,8326
752,2018-06-26,8273
753,2018-06-27,8231
754,2018-06-28,8244
755,2018-06-29,8225
756,2018-06-30,8203
757,2018-07-01,8278
758,2018-07-02,8281
759,2018-07-03,8218
760,2018-07-04,8187
761,2018-07-05,8211
762,2018-07-06,8169
763,2018-07-07,8161
764,2018-07-08,8230
765,2018-07-09,8239
766,2018-07-10,8172
767,2018-07-11,8166
768,2018-07-12,8194
769,2018-07-13,8181
770,2018-07-14,8174
771,2018-07-15,8248
772,2018-07-16,8272
773,2018-07-17,8256
774,2018-07-18,8272
775,2018-07-19,8255
776,2018-07-20,8246
777,2018-07-21,8216
778,2018-07-22,8278
779,2018-07-23,8285
780,2018-07-24,8227
781,2018-07-25,8220
782,2018-07-26,8201
783,2018-07-27,8191
784,2018-07-28,8163
785,2018-07-29,8222
786,2018-07-30,8218
787,2018-07-31,8167
788,2018-08-01,8143
789,2018-08-02,8162
790,2018-08-03,8156
791,2018-08-04,8121
792,2018-08-05,8186
793,2018-08-06,8215
794,2018-08-07,8173
795,2018-08-08,8171
796,2018-08-09,8169
797,2018-08-10,8198
798,2018-08-11,8189
799,2018-08-12,8228
800,2018-08-13,8262
801,2018-08-14,8220
802,2018-08-15,8219
803,2018-08-16,8209
804,2018-08-17,8174
805,2018-08-18,8159
806,2018-08-19,8223
807,2018-08-20,8223
808,2018-08-21,8179
809,2018-08-22,8160
810,2018-08-23,8140
811,2018-08-24,8137
812,2018-08-25,8140
813,2018-08-26,8222
814,2018-08-27,8239
815,2018-08-28,8225
816,2018-08-29,8211
817,2018-08-30,8207
818,2018-08-31,8176
819,2018-09-01,8168
820,2018-09-02,8236
821,2018-09-03,8286
822,2018-09-04,8299
823,2018-09-05,8268
824,2018-09-06,8259
825,2018-09-07,8261
826,2018-09-08,8268
827,2018-09-09,8337
828,2018-09-10,8352
829,2018-09-11,8299
830,2018-09-12,8307
831,2018-09-13,8325
832,2018-09-14,8298
833,2018-09-15,8316
834,2018-09-16,8375
835,2018-09-17,8368
836,2018-09-18,8310
837,2018-09-19,8318
838,2018-09-20,8320
839,2018-09-21,8320
840,2018-09-22,8332
841,2018-09-23,8396
842,2018-09-24,8407
843,2018-09-25,8365
844,2018-09-26,8313
845,2018-09-27,8295
846,2018-09-28,8292
847,2018-09-29,8259
848,2018-09-30,8315
849,2018-10-01,8318
850,2018-10-02,8295
851,2018-10-03,8274
852,2018-10-04,8313
853,2018-10-05,8280
854,2018-10-06,8280
855,2018-10-07,8318
856,2018-10-08,8368
857,2018-10-09,8355
858,2018-10-10,8315
859,2018-10-11,8318
860,2018-10-12,8313
861,2018-10-13,8311
862,2018-10-14,8391
863,2018-10-15,8392
864,2018-10-16,8330
865,2018-10-17,8320
866,2018-10-18,8310
867,2018-10-19,8292
868,2018-10-20,8280
869,2018-10-21,8346
870,2018-10-22,8359
871,2018-10-23,8333
872,2018-10-24,8294
873,2018-10-25,8286
874,2018-10-26,8260
875,2018-10-27,8235
876,2018-10-28,8305
877,2018-10-29,8316
878,2018-10-30,8263
879,2018-10-31,8217
880,2018-11-01,8216
881,2018-11-02,8203
882,2018-11-03,8236
883,2018-11-04,8297
884,2018-11-05,8282
885,2018-11-06,8233
886,2018-11-07,8266
887,2018-11-08,8216
888,2018-11-09,8189
889,2018-11-10,8197
890,2018-11-11,8260
891,2018-11-12,8283
892,2018-11-13,8301
893,2018-11-14,8270
894,2018-11-15,8288
895,2018-11-16,8281
896,2018-11-17,8271
897,2018-11-18,8331
898,2018-11-19,8323
899,2018-11-20,8242
900,2018-11-21,8219
901,2018-11-22,8209
902,2018-11-23,8230
903,2018-11-24,8202
904,2018-11-25,8250
905,2018-11-26,8265
906,2018-11-27,8231
907,2018-11-28,8195
908,2018-11-29,8183
909,2018-11-30,8156
910,2018-12-01,8175
911,2018-12-02,8228
912,2018-12-03,8235
913,2018-12-04,8199
914,2018-12-05,8170
915,2018-12-06,8147
916,2018-12-07,8178
917,2018-12-08,8155
918,2018-12-09,8211
919,2018-12-10,8208
920,2018-12-11,8169
921,2018-12-12,8163
922,2018-12-13,8148
923,2018-12-14,8134
924,2018-12-15,8115
925,2018-12-16,8160
926,2018-12-17,8182
927,2018-12-18,8137
928,2018-12-19,8089
929,2018-12-20,8044
930,2018-12-21,7964
931,2018-12-22,7905
932,2018-12-23,7941
933,2018-12-24,7934
934,2018-12-25,7871
935,2018-12-26,7849
936,2018-12-27,7814
937,2018-12-28,7791
938,2018-12-29,7801
939,2018-12-30,7863
940,2018-12-31,7869
941,2019-01-01,7840
942,2019-01-02,7843
943,2019-01-03,7837
944,2019-01-04,7846
945,2019-01-05,7893
946,2019-01-06,7948
947,2019-01-07,7978
948,2019-01-08,7930
949,2019-01-09,7991
950,2019-01-10,8009
951,2019-01-11,8059
952,2019-01-12,8091
953,2019-01-13,8130
954,2019-01-14,8128
955,2019-01-15,8076
956,2019-01-16,8067
957,2019-01-17,8076
958,2019-01-18,8086
959,2019-01-19,8083
960,2019-01-20,8143
961,2019-01-21,8179
962,2019-01-22,8187
963,2019-01-23,8162
964,2019-01-24,8181
965,2019-01-25,8170
966,2019-01-26,8197
967,2019-01-27,8268
968,2019-01-28,8286
969,2019-01-29,8262
970,2019-01-30,8259
971,2019-01-31,8212
972,2019-02-01,8170
973,2019-02-02,8148
974,2019-02-03,8207
975,2019-02-04,8201
976,2019-02-05,8168
977,2019-02-06,8149
978,2019-02-07,8163
979,2019-02-08,8137
980,2019-02-09,8133
981,2019-02-10,8206
982,2019-02-11,8200
983,2019-02-12,8151
984,2019-02-13,8182
985,2019-02-14,8134
986,2019-02-15,8118
987,2019-02-16,8066
988,2019-02-17,8148
989,2019-02-18,8188
990,2019-02-19,8196
991,2019-02-20,8165
992,2019-02-21,8143
993,2019-02-22,8079
994,2019-02-23,8057
995,2019-02-24,8114
996,2019-02-25,8129
997,2019-02-26,8075
998,2019-02-27,8038
999,2019-02-28,8023
1000,2019-03-01,7998
1001,2019-03-02,7979
1002,2019-03-03,8037
1003,2019-03-04,8026
1004,2019-03-05,7981
1005,2019-03-06,7950
1006,2019-03-07,7942
1007,2019-03-08,7966
1008,2019-03-09,7969
1009,2019-03-10,8042
1010,2019-03-11,8065
1011,2019-03-12,8018
1012,2019-03-13,7969
1013,2019-03-14,7974
1014,2019-03-15,7935
1015,2019-03-16,7955
1016,2019-03-17,7992
1017,2019-03-18,7977
1018,2019-03-19,7903
1019,2019-03-20,7844
1020,2019-03-21,7807
1021,2019-03-22,7807
1022,2019-03-23,7804
1023,2019-03-24,7869
1024,2019-03-25,7866
1025,2019-03-26,7824
1026,2019-03-27,7804
1027,2019-03-28,7776
1028,2019-03-29,7763
1029,2019-03-30,7756
1030,2019-03-31,7821
1031,2019-04-01,7822
1032,2019-04-02,7750
1033,2019-04-03,7712
1034,2019-04-04,7709
1035,2019-04-05,7714
1036,2019-04-06,7725
1037,2019-04-07,7779
1038,2019-04-08,7779
1039,2019-04-09,7695
1040,2019-04-10,7712
1041,2019-04-11,7680
1042,2019-04-12,7703
1043,2019-04-13,7696
1044,2019-04-14,7767
1045,2019-04-15,7769
1046,2019-04-16,7724
1047,2019-04-17,7718
1048,2019-04-18,7698
1049,2019-04-19,7660
1050,2019-04-20,7686
1051,2019-04-21,7747
1052,2019-04-22,7734
1053,2019-04-23,7678
1054,2019-04-24,7677
1055,2019-04-25,7656
1056,2019-04-26,7653
1057,2019-04-27,7625
1058,2019-04-28,7674
1059,2019-04-29,7677
1060,2019-04-30,7629
1061,2019-05-01,7612
1062,2019-05-02,7598
1063,2019-05-03,7624
1064,2019-05-04,7604
1065,2019-05-05,7677
1066,2019-05-06,7677
1067,2019-05-07,7650
1068,2019-05-08,7630
1069,2019-05-09,7611
1070,2019-05-10,7610
1071,2019-05-11,7614
1072,2019-05-12,7654
1073,2019-05-13,7656
1074,2019-05-14,7590
1075,2019-05-15,7580
1076,2019-05-16,7558
1077,2019-05-17,7529
1078,2019-05-18,7527
1079,2019-05-19,7583
1080,2019-05-20,7571
1081,2019-05-21,7536
1082,2019-05-22,7503
1083,2019-05-23,7494
1084,2019-05-24,7460
1085,2019-05-25,7416
1086,2019-05-26,7467
1087,2019-05-27,7499
1088,2019-05-28,7513
1089,2019-05-29,7505
1090,2019-05-30,7500
1091,2019-05-31,7474
1092,2019-06-01,7479
1093,2019-06-02,7520
1094,2019-06-03,7528
1095,2019-06-04,7501
1096,2019-06-05,7461
1097,2019-06-06,7446
1098,2019-06-07,7450
1099,2019-06-08,7445
1100,2019-06-09,7502
1101,2019-06-10,7493
1102,2019-06-11,7447
1103,2019-06-12,7437
1104,2019-06-13,7433
1105,2019-06-14,7446
1106,2019-06-15,7451
1107,2019-06-16,7511
1108,2019-06-17,7541
1109,2019-06-18,7497
1110,2019-06-19,7479
1111,2019-06-20,7469
1112,2019-06-21,7481
1113,2019-06-22,7485
1114,2019-06-23,7525
1115,2019-06-24,7527
1116,2019-06-25,7508
1117,2019-06-26,7473
1118,2019-06-27,7458
1119,2019-06-28,7406
1120,2019-06-29,7375
1121,2019-06-30,7419
1122,2019-07-01,7428
1123,2019-07-02,7367
1124,2019-07-03,7337
1125,2019-07-04,7346
1126,2019-07-05,7377
1127,2019-07-06,7368
1128,2019-07-07,7423
1129,2019-07-08,7430
1130,2019-07-09,7386
1131,2019-07-10,7394
1132,2019-07-11,7384
1133,2019-07-12,7366
1134,2019-07-13,7380
1135,2019-07-14,7452
1136,2019-07-15,7458
1137,2019-07-16,7396
1138,2019-07-17,7373
1139,2019-07-18,7363
1140,2019-07-19,7344
1141,2019-07-20,7340
1142,2019-07-21,7384
1143,2019-07-22,7379
1144,2019-07-23,7322
1145,2019-07-24,7329
1146,2019-07-25,7303
1147,2019-07-26,7313
1148,2019-07-27,7342
1149,2019-07-28,7407
1150,2019-07-29,7424
1151,2019-07-30,7373
1152,2019-07-31,7364
1153,2019-08-01,7333
1154,2019-08-02,7310
1155,2019-08-03,7299
1156,2019-08-04,7351
1157,2019-08-05,7350
1158,2019-08-06,7308
1159,2019-08-07,7280
1160,2019-08-08,7226
1161,2019-08-09,7197
1162,2019-08-10,7205
1163,2019-08-11,7261
1164,2019-08-12,7250
1165,2019-08-13,7216
1166,2019-08-14,7180
1167,2019-08-15,7174
1168,2019-08-16,7156
1169,2019-08-17,7127
1170,2019-08-18,7170
1171,2019-08-19,7176
1172,2019-08-20,7138
1173,2019-08-21,7104
1174,2019-08-22,7099
1175,2019-08-23,7108
1176,2019-08-24,7087
1177,2019-08-25,7151
1178,2019-08-26,7152
1179,2019-08-27,7110
1180,2019-08-28,7105
1181,2019-08-29,7065
1182,2019-08-30,7051
1183,2019-08-31,7022
1184,2019-09-01,7061
1185,2019-09-02,7090
1186,2019-09-03,7120
1187,2019-09-04,7132
1188,2019-09-05,7096
1189,2019-09-06,7093
1190,2019-09-07,7118
1191,2019-09-08,7193
1192,2019-09-09,7197
1193,2019-09-10,7169
1194,2019-09-11,7162
1195,2019-09-12,7168
1196,2019-09-13,7151
1197,2019-09-14,7155
1198,2019-09-15,7213
1199,2019-09-16,7211
1200,2019-09-17,7185
1201,2019-09-18,7186
1202,2019-09-19,7200
1203,2019-09-20,7209
1204,2019-09-21,7220
1205,2019-09-22,7275
1206,2019-09-23,7298
1207,2019-09-24,7280
1208,2019-09-25,7237
1209,2019-09-26,7217
1210,2019-09-27,7216
1211,2019-09-28,7223
1212,2019-09-29,7272
1213,2019-09-30,7266
1214,2019-10-01,7235
1215,2019-10-02,7242
1216,2019-10-03,7224
1217,2019-10-04,7228
1218,2019-10-05,7234
1219,2019-10-06,7274
1220,2019-10-07,7257
1221,2019-10-08,7246
1222,2019-10-09,7206
1223,2019-10-10,7225
1224,2019-10-11,7210
1225,2019-10-12,7209
1226,2019-10-13,7262
1227,2019-10-14,7300
1228,2019-10-15,7274
1229,2019-10-16,7226
1230,2019-10-17,7165
1231,2019-10-18,7161
1232,2019-10-19,7183
1233,2019-10-20,7224
1234,2019-10-21,7224
1235,2019-10-22,7207
1236,2019-10-23,7191
1237,2019-10-24,7166
1238,2019-10-25,7153
1239,2019-10-26,7200
1240,2019-10-27,7254
1241,2019-10-28,7261
1242,2019-10-29,7210
1243,2019-10-30,7168
1244,2019-10-31,7141
1245,2019-11-01,7131
1246,2019-11-02,7104
1247,2019-11-03,7141
1248,2019-11-04,7120
1249,2019-11-05,7044
1250,2019-11-06,7069
1251,2019-11-07,7040
1252,2019-11-08,7013
1253,2019-11-09,6986
1254,2019-11-10,7020
1255,2019-11-11,7041
1256,2019-11-12,7072
1257,2019-11-13,7070
1258,2019-11-14,7014
1259,2019-11-15,6989
1260,2019-11-16,6986
1261,2019-11-17,7035
1262,2019-11-18,7029
1263,2019-11-19,6963
1264,2019-11-20,6947
1265,2019-11-21,6937
1266,2019-11-22,6901
1267,2019-11-23,6911
1268,2019-11-24,6971
1269,2019-11-25,6954
1270,2019-11-26,6909
1271,2019-11-27,6864
1272,2019-11-28,6820
1273,2019-11-29,6838
1274,2019-11-30,6818
1275,2019-12-01,6857
1276,2019-12-02,6874
1277,2019-12-03,6829
1278,2019-12-04,6796
1279,2019-12-05,6762
1280,2019-12-06,6735
1281,2019-12-07,6737
1282,2019-12-08,6764
1283,2019-12-09,6746
1284,2019-12-10,6688
1285,2019-12-11,6645
1286,2019-12-12,6576
1287,2019-12-13,6518
1288,2019-12-14,6498
1289,2019-12-15,6534
1290,2019-12-16,6522
1291,2019-12-17,6411
1292,2019-12-18,6364
1293,2019-12-19,6283
1294,2019-12-20,6227
1295,2019-12-21,6153
1296,2019-12-22,6167
1297,2019-12-23,6141
1298,2019-12-24,6062
1299,2019-12-25,6034
1300,2019-12-26,5991
1301,2019-12-27,5946
1302,2019-12-28,5959
1303,2019-12-29,5986
1304,2019-12-30,5964
1305,2019-12-31,5858
1306,2020-01-01,5809
1307,2020-01-02,5771
1308,2020-01-03,5749
1309,2020-01-04,5735
1310,2020-01-05,5759
1311,2020-01-06,5771
1312,2020-01-07,5757
1313,2020-01-08,5746
1314,2020-01-09,5759
1315,2020-01-10,5764
1316,2020-01-11,5756
1317,2020-01-12,5786
1318,2020-01-13,5789
1319,2020-01-14,5736
1320,2020-01-15,5709
1321,2020-01-16,5659
1322,2020-01-17,5648
1323,2020-01-18,5645
1324,2020-01-19,5675
1325,2020-01-20,5690
1326,2020-01-21,5674
1327,2020-01-22,5652
1328,2020-01-23,5630
1329,2020-01-24,5629
1330,2020-01-25,5618
1331,2020-01-26,5655
1332,2020-01-27,5642
1333,2020-01-28,5597
1334,2020-01-29,5578
1335,2020-01-30,5577
1336,2020-01-31,5520
1337,2020-02-01,5525
1338,2020-02-02,5561
1339,2020-02-03,5539
1340,2020-02-04,5514
1341,2020-02-05,5491
1342,2020-02-06,5473
1343,2020-02-07,5465
1344,2020-02-08,5458
1345,2020-02-09,5494
1346,2020-02-10,5493
1347,2020-02-11,5423
1348,2020-02-12,5417
1349,2020-02-13,5420
1350,2020-02-14,5404
1351,2020-02-15,5389
1352,2020-02-16,5419
1353,2020-02-17,5439
1354,2020-02-18,5452
1355,2020-02-19,5455
1356,2020-02-20,5441
1357,2020-02-21,5437
1358,2020-02-22,5425
1359,2020-02-23,5454
1360,2020-02-24,5459
1361,2020-02-25,5439
1362,2020-02-26,5431
1363,2020-02-27,5440
1364,2020-02-28,5432
1365,2020-02-29,5446
1366,2020-03-01,5472
1367,2020-03-02,5453
1368,2020-03-03,5415
1369,2020-03-04,5421
1370,2020-03-05,5422
1371,2020-03-06,5422
1372,2020-03-07,5410
1373,2020-03-08,5447
1374,2020-03-09,5437
1375,2020-03-10,5431
1376,2020-03-11,5432
1377,2020-03-12,5421
1378,2020-03-13,5427
1379,2020-03-14,5442
1380,2020-03-15,5477
1381,2020-03-16,5470
1382,2020-03-17,5423
1383,2020-03-18,5418
1384,2020-03-19,5420
1385,2020-03-20,5363
1386,2020-03-21,5313
1387,2020-03-22,5301
1388,2020-03-23,5293
1389,2020-03-24,5266
1390,2020-03-25,5201
1391,2020-03-26,5073
1392,2020-03-27,4858
1393,2020-03-28,4739
1394,2020-03-29,4636
1395,2020-03-30,4639
1396,2020-03-31,4603
1397,2020-04-01,4562
1398,2020-04-02,4528
1399,2020-04-03,4421
1400,2020-04-04,4375
1401,2020-04-05,4371
1402,2020-04-06,4382
1403,2020-04-07,4352
1404,2020-04-08,4316
1405,2020-04-09,4262
1406,2020-04-10,4207
1407,2020-04-11,4139
1408,2020-04-12,4142
1409,2020-04-13,4142
1410,2020-04-14,4104
1411,2020-04-15,4054
1412,2020-04-16,4034
1413,2020-04-17,4011
1414,2020-04-18,3968
1415,2020-04-19,3975
1416,2020-04-21,3951
1417,2020-04-22,3927
1418,2020-04-23,3853
1419,2020-04-24,3838
1420,2020-04-25,3821
1421,2020-04-26,3831
1422,2020-04-27,3847
1423,2020-04-28,3828
1424,2020-04-29,3808
1425,2020-04-30,3814
1426,2020-05-01,3835
1427,2020-05-02,3827
1428,2020-05-03,3852
1429,2020-05-04,3865
1430,2020-05-05,3860
1431,2020-05-06,3866
1432,2020-05-07,3888
1433,2020-05-08,3883
1434,2020-05-09,3875
1435,2020-05-10,3884
1436,2020-05-11,3898
1437,2020-05-12,3892
1438,2020-05-13,3874
1439,2020-05-14,3889
1440,2020-05-15,3900
1441,2020-05-16,3905
1442,2020-05-17,3931
1443,2020-05-18,3942
1444,2020-05-19,3926
1445,2020-05-20,3921
1446,2020-05-21,3929
1447,2020-05-22,3937
1448,2020-05-23,3941
1449,2020-05-24,3961
1450,2020-05-25,3972
1451,2020-05-26,3990
1452,2020-05-27,3977
1453,2020-05-28,3988
1454,2020-05-29,3978
1455,2020-05-30,3978
1456,2020-05-31,4002
1457,2020-06-01,4023
1458,2020-06-02,4003
1459,2020-06-03,3986
1460,2020-06-04,3975
1461,2020-06-05,3974
1462,2020-06-06,3958
1463,2020-06-07,3976
1464,2020-06-08,3989
1465,2020-06-09,3988
1466,2020-06-10,3963
1467,2020-06-11,3952
1468,2020-06-12,3948
1469,2020-06-13,3942
1470,2020-06-14,3958
1471,2020-06-15,3969
1472,2020-06-16,3954
1473,2020-06-17,3949
1474,2020-06-18,3944
1475,2020-06-19,3933
1476,2020-06-20,3944
1477,2020-06-21,3957
1478,2020-06-22,3960
1479,2020-06-23,3942
1480,2020-06-24,3946
1481,2020-06-25,3941
1482,2020-06-26,3945
1483,2020-06-27,3939
1484,2020-06-28,3947
1485,2020-06-29,3951
1486,2020-06-30,3939
1487,2020-07-01,3935
1488,2020-07-02,3937
1489,2020-07-03,3924
1490,2020-07-04,3940
1491,2020-07-05,3955
1492,2020-07-06,3964
1493,2020-07-07,3961
1494,2020-07-08,3942
1495,2020-07-09,3936
1496,2020-07-10,3942
1497,2020-07-11,3936
1498,2020-07-12,3954
1499,2020-07-13,3971
1500,2020-07-14,3937
1501,2020-07-15,3937
1502,2020-07-16,3926
1503,2020-07-17,3925
1504,2020-07-18,3928
1505,2020-07-19,3946
1506,2020-07-20,3951
1507,2020-07-21,3931
1508,2020-07-22,3946
1509,2020-07-23,3948
1510,2020-07-24,3955
1511,2020-07-25,3948
1512,2020-07-26,3962
1513,2020-07-27,3963
1514,2020-07-28,3957
1515,2020-07-29,3959
1516,2020-07-30,3971
1517,2020-07-31,3979
1518,2020-08-01,3973
1519,2020-08-02,3987
1520,2020-08-03,4008
1521,2020-08-04,4004
1522,2020-08-05,4004
1523,2020-08-06,3999
1524,2020-08-07,4014
1525,2020-08-08,4025
1526,2020-08-09,4042
1527,2020-08-10,4056
1528,2020-08-11,4041
1529,2020-08-12,4035
1530,2020-08-13,4036
1531,2020-08-14,4054
1532,2020-08-15,4068
1533,2020-08-16,4079
1534,2020-08-17,4103
1535,2020-08-18,4095
1536,2020-08-19,4114
1537,2020-08-20,4105
1538,2020-08-21,4109
1539,2020-08-22,4107
1540,2020-08-23,4131
1541,2020-08-24,4146
1542,2020-08-25,4128
1543,2020-08-26,4136
1544,2020-08-27,4134
1545,2020-08-28,4139
1546,2020-08-29,4143
1547,2020-08-30,4159
1548,2020-08-31,4183
1549,2020-09-01,4162
1550,2020-09-02,4161
1551,2020-09-03,4131
1552,2020-09-04,4154
1553,2020-09-05,4159
1554,2020-09-06,4195
1555,2020-09-07,4233
1556,2020-09-08,4264
1557,2020-09-09,4291
1558,2020-09-10,4279
1559,2020-09-11,4282
1560,2020-09-12,4288
1561,2020-09-13,4294
1562,2020-09-14,4296
1563,2020-09-15,4279
1564,2020-09-16,4279
1565,2020-09-17,4281
1566,2020-09-18,4290
1567,2020-09-19,4298
1568,2020-09-20,4328
1569,2020-09-21,4334
1570,2020-09-22,4306
1571,2020-09-23,4311
1572,2020-09-24,4331
1573,2020-09-25,4347
1574,2020-09-26,4336
1575,2020-09-27,4366
1576,2020-09-28,4383
1577,2020-09-29,4369
1578,2020-09-30,4374
1579,2020-10-01,4363
1580,2020-10-02,4379
1581,2020-10-03,4387
1582,2020-10-04,4416
1583,2020-10-05,4427
1584,2020-10-06,4411
1585,2020-10-07,4410
1586,2020-10-08,4405
1587,2020-10-09,4433
1588,2020-10-10,4454
1589,2020-10-11,4477
1590,2020-10-12,4512
1591,2020-10-13,4511
1592,2020-10-14,4510
1593,2020-10-15,4503
1594,2020-10-16,4507
1595,2020-10-17,4505
1596,2020-10-18,4538
1597,2020-10-19,4552
1598,2020-10-20,4562
1599,2020-10-21,4564
1600,2020-10-22,4570
1601,2020-10-23,4587
1602,2020-10-24,4606
1603,2020-10-25,4635
1604,2020-10-26,4647
1605,2020-10-27,4635
1606,2020-10-28,4636
1607,2020-10-29,4617
1608,2020-10-30,4643
1609,2020-10-31,4644
1610,2020-11-01,4668
1611,2020-11-02,4671
1612,2020-11-03,4664
1613,2020-11-04,4688
1614,2020-11-05,4670
1615,2020-11-06,4665
1616,2020-11-07,4659
1617,2020-11-08,4689
1618,2020-11-09,4705
1619,2020-11-10,4699
1620,2020-11-11,4685
1621,2020-11-12,4713
1622,2020-11-13,4722
1623,2020-11-14,4728
1624,2020-11-15,4752
1625,2020-11-16,4757
1626,2020-11-17,4726
1627,2020-11-18,4715
1628,2020-11-19,4732
1629,2020-11-20,4755
1630,2020-11-21,4774
1631,2020-11-22,4805
1632,2020-11-23,4810
1633,2020-11-24,4784
1634,2020-11-25,4772
1635,2020-11-26,4773
1636,2020-11-27,4801
1637,2020-11-28,4786
1638,2020-11-29,4805
1639,2020-11-30,4816
1640,2020-12-01,4801
1641,2020-12-02,4806
1642,2020-12-03,4803
1643,2020-12-04,4809
1644,2020-12-05,4818
1645,2020-12-06,4849
1646,2020-12-07,4867
1647,2020-12-08,4870
1648,2020-12-09,4865
1649,2020-12-10,4854
1650,2020-12-11,4867
1651,2020-12-12,4874
1652,2020-12-13,4897
1653,2020-12-14,4918
1654,2020-12-15,4915
1655,2020-12-16,4921
1656,2020-12-17,4905
1657,2020-12-18,4903
1658,2020-12-19,4882
1659,2020-12-20,4905
1660,2020-12-21,4912
1661,2020-12-22,4901
1662,2020-12-23,4894
1663,2020-12-24,4896
1664,2020-12-25,4891
1665,2020-12-26,4906
1666,2020-12-27,4916
1667,2020-12-28,4932
1668,2020-12-29,4953
1669,2020-12-30,4955
1670,2020-12-31,4972
1671,2021-01-01,4965
1672,2021-01-02,5002
1673,2021-01-03,5014
1674,2021-01-04,5037
1675,2021-01-05,5044
1676,2021-01-06,5043
1677,2021-01-07,5063
1678,2021-01-08,5068
1679,2021-01-09,5084
1680,2021-01-10,5116
1681,2021-01-11,5144
1682,2021-01-12,5144
1683,2021-01-13,5136
1684,2021-01-14,5158
1685,2021-01-15,5156
1686,2021-01-16,5143
1687,2021-01-17,5164
1688,2021-01-18,5197
1689,2021-01-19,5210
1690,2021-01-20,5198
1691,2021-01-21,5211
1692,2021-01-22,5222
1693,2021-01-23,5229
1694,2021-01-24,5262
1695,2021-01-25,5277
1696,2021-01-26,5277
1697,2021-01-27,5277
1698,2021-01-28,5286
1699,2021-01-29,5314
1700,2021-01-30,5306
1701,2021-01-31,5326
1702,2021-02-01,5336
1703,2021-02-03,5335
1704,2021-02-04,5325
1705,2021-02-05,5337
1706,2021-02-06,5335
1707,2021-02-07,5387
1708,2021-02-09,5387
1709,2021-02-10,5368
1710,2021-02-11,5383
1711,2021-02-12,5362
1712,2021-02-13,5399
1713,2021-02-14,5432
1714,2021-02-15,5460
1715,2021-02-16,5460
1716,2021-02-17,5449
1717,2021-02-18,5449
1718,2021-02-19,5474
1719,2021-02-20,5461
1720,2021-02-21,5489
1721,2021-02-22,5517
1722,2021-02-23,5506
1723,2021-02-24,5493
1724,2021-02-25,5520
1725,2021-02-26,5519
1726,2021-02-27,5526
1727,2021-02-28,5555
1728,2021-03-01,5571
1729,2021-03-02,5572
1730,2021-03-03,5555
1731,2021-03-04,5542
1732,2021-03-05,5565
1733,2021-03-06,5575
1734,2021-03-07,5599
1735,2021-03-08,5626
1736,2021-03-09,5611
1737,2021-03-10,5610
1738,2021-03-11,5623
1739,2021-03-12,5633
1740,2021-03-13,5639
1741,2021-03-14,5663
1742,2021-03-15,5691
1743,2021-03-16,5685
1744,2021-03-17,5679
1745,2021-03-18,5672
1746,2021-03-19,5682
1747,2021-03-20,5672
1748,2021-03-21,5705
1749,2021-03-22,5734
1750,2021-03-23,5735
1751,2021-03-24,5746
1752,2021-03-25,5763
1753,2021-03-26,5772
1754,2021-03-27,5765
1755,2021-03-28,5776
1756,2021-03-29,5801
1757,2021-03-30,5768
1758,2021-03-31,5744
1759,2021-04-01,5727
1760,2021-04-02,5739
1761,2021-04-03,5732
1762,2021-04-04,5766
1763,2021-04-05,5771
1764,2021-04-06,5737
1765,2021-04-07,5716
1766,2021-04-08,5705
1767,2021-04-09,5710
1768,2021-04-10,5704
1769,2021-04-11,5717
1770,2021-04-12,5737
1771,2021-04-13,5711
1772,2021-04-14,5708
1773,2021-04-15,5695
1774,2021-04-16,5708
1775,2021-04-17,5704
1776,2021-04-18,5722
1777,2021-04-19,5733
1778,2021-04-20,5697
1779,2021-04-21,5704
1780,2021-04-22,5680
1781,2021-04-23,5680
1782,2021-04-24,5676
1783,2021-04-25,5701
1784,2021-04-26,5711
1785,2021-04-27,5671
1786,2021-04-28,5698
1787,2021-04-29,5674
1788,2021-04-30,5688
1789,2021-05-01,5673
1790,2021-05-02,5695
1791,2021-05-03,5710
1792,2021-05-04,5668
1793,2021-05-05,5655
1794,2021-05-06,5619
1795,2021-05-07,5642
1796,2021-05-08,5640
1797,2021-05-09,5669
1798,2021-05-10,5705
1799,2021-05-11,5659
1800,2021-05-12,5654
1801,2021-05-13,5640
1802,2021-05-14,5642
1803,2021-05-15,5631
1804,2021-05-16,5662
1805,2021-05-17,5687
1806,2021-05-18,5658
1807,2021-05-19,5639
1808,2021-05-20,5627
1809,2021-05-21,5644
1810,2021-05-22,5647
1811,2021-05-23,5678
1812,2021-05-24,5718
1813,2021-05-25,5719
1814,2021-05-26,5682
1815,2021-05-27,5679
1816,2021-05-28,5692
1817,2021-05-29,5693
1818,2021-05-30,5719
1819,2021-05-31,5740
1820,2021-06-01,5753
1821,2021-06-02,5723
1822,2021-06-03,5694
1823,2021-06-04,5707
1824,2021-06-05,5722
1825,2021-06-06,5756
1826,2021-06-07,5779
1827,2021-06-08,5743
1828,2021-06-09,5748
1829,2021-06-10,5747
1830,2021-06-11,5751
1831,2021-06-12,5754
1832,2021-06-13,5791
1833,2021-06-14,5813
1834,2021-06-15,5786
1835,2021-06-16,5779
1836,2021-06-17,5755
1837,2021-06-18,5775
1838,2021-06-19,5805
1839,2021-06-20,5845
1840,2021-06-21,5872
1841,2021-06-22,5852
1842,2021-06-23,5858
1843,2021-06-24,5840
1844,2021-06-25,5836
1845,2021-06-26,5831
1846,2021-06-27,5870
1847,2021-06-28,5893
1848,2021-06-29,5850
1849,2021-06-30,5840
1850,2021-07-01,5800
1851,2021-07-02,5825
1852,2021-07-03,5814
1853,2021-07-04,5841
1854,2021-07-05,5881
1855,2021-07-06,5883
1856,2021-07-07,5876
1857,2021-07-08,5842
1858,2021-07-09,5850
1859,2021-07-10,5860
1860,2021-07-11,5881
1861,2021-07-12,5906
1862,2021-07-13,5859
1863,2021-07-14,5840
1864,2021-07-15,5831
1865,2021-07-16,5836
1866,2021-07-17,5843
1867,2021-07-18,5886
1868,2021-07-19,5925
1869,2021-07-20,5927
1870,2021-07-21,5910
1871,2021-07-22,5888
1872,2021-07-23,5900
1873,2021-07-24,5890
1874,2021-07-25,5927
1875,2021-07-26,5927
1876,2021-07-27,5900
1877,2021-07-28,5912
1878,2021-07-29,5908
1879,2021-07-30,5873
1880,2021-07-31,5889
1881,2021-08-01,5917
1882,2021-08-02,5911
1883,2021-08-03,5887
1884,2021-08-04,5897
1885,2021-08-05,5902
1886,2021-08-06,5893
1887,2021-08-07,5903
1888,2021-08-10,5934
1889,2021-08-12,5937
1890,2021-08-13,5940
1891,2021-08-14,5951
1892,2021-08-15,5979
1893,2021-08-16,5990
1894,2021-08-17,5980
1895,2021-08-18,5985
1896,2021-08-19,5981
1897,2021-08-20,5989
1898,2021-08-21,5988
1899,2021-08-23,6031
1900,2021-08-24,5994
1901,2021-08-25,5987
1902,2021-08-26,5993
1903,2021-08-27,6015
1904,2021-08-28,6037
1905,2021-08-29,6065
1906,2021-08-30,6058
1907,2021-08-31,6046
1908,2021-09-01,6034
1909,2021-09-02,6013
1910,2021-09-03,6009
1911,2021-09-04,6009
1912,2021-09-05,6031
1913,2021-09-06,6055
1914,2021-09-07,6055
1915,2021-09-08,6025
1916,2021-09-09,6040
1917,2021-09-10,6050
1918,2021-09-11,6032
1919,2021-09-12,6067
1920,2021-09-13,6078
1921,2021-09-15,6087
1922,2021-09-16,6080
1923,2021-09-17,6084
1924,2021-09-18,5991
1925,2021-09-19,5943
1926,2021-09-20,5916
1927,2021-09-21,5846
1928,2021-09-22,5839
1929,2021-09-23,5791
1930,2021-09-24,5733
1931,2021-09-27,5720
1932,2021-09-28,5674
1933,2021-09-29,5664
1934,2021-09-30,5624
1935,2021-10-05,5574
1936,2021-10-08,5575
1937,2021-10-12,5596
1938,2021-10-18,5612
1939,2021-10-19,5574
1940,2021-10-20,5558
1941,2021-10-21,5544
1942,2021-10-22,5529
1943,2021-10-28,5496
1944,2021-11-01,5502
1945,2021-11-03,5471
1946,2021-11-05,5447
1947,2021-11-16,5448
1948,2021-11-17,5440
1949,2021-11-19,5442
1950,2021-11-22,5460
1951,2021-11-23,5398
1952,2021-11-24,5399
1953,2021-11-29,5392
1954,2021-11-30,5361
1955,2021-12-01,5356
1956,2021-12-02,5350
1957,2021-12-03,5378
1958,2021-12-06,5434
1959,2021-12-07,5421
1960,2021-12-08,5436
1961,2021-12-09,5407
1962,2021-12-10,5400
1963,2021-12-13,5444
1964,2021-12-14,5423
1965,2021-12-15,5409
1966,2021-12-16,5401
1967,2021-12-17,5383
1968,2021-12-20,5431
1969,2021-12-21,5414
1970,2021-12-22,5401
1971,2021-12-23,5376
1972,2021-12-27,5383
1973,2021-12-28,5352
1974,2021-12-29,5346
1975,2021-12-30,5345
1976,2022-01-03,5400
1977,2022-01-05,5402
1978,2022-01-06,5413
1979,2022-01-07,5430
1980,2022-01-10,5457
1981,2022-01-11,5433
1982,2022-01-12,5439
1983,2022-01-13,5448
1984,2022-01-14,5455
1985,2022-01-18,5519
1986,2022-01-19,5527
1987,2022-01-20,5523
1988,2022-01-21,5534
1989,2022-01-24,5599
1990,2022-01-25,5554
1991,2022-01-26,5571
1992,2022-01-27,5565
1993,2022-01-28,5554
1994,2022-01-31,5578
1995,2022-02-01,5550
1996,2022-02-02,5536
1997,2022-02-03,5538
1998,2022-02-04,5544
1999,2022-02-07,5606
2000,2022-02-09,5586
2001,2022-02-10,5582
2002,2022-02-11,5581
2003,2022-02-14,5665
2004,2022-02-15,5644
2005,2022-02-17,5629
2006,2022-02-18,5642
2007,2022-02-22,5713
2008,2022-02-23,5711
2009,2022-02-24,5684
2010,2022-02-25,5688
2011,2022-03-01,5688
2012,2022-03-07,5696
2013,2022-03-08,5685
2014,2022-03-09,5689
2015,2022-03-10,5653
2016,2022-03-11,5644
2017,2022-03-14,5686
2018,2022-03-15,5645
2019,2022-03-16,5631
2020,2022-03-17,5618
2021,2022-03-18,5608
2022,2022-03-21,5616
2023,2022-03-22,5588
2024,2022-03-23,5589
2025,2022-03-24,5584
2026,2022-03-25,5567
2027,2022-03-28,5556
2028,2022-03-29,5510
2029,2022-03-30,5513
2030,2022-03-31,5504
2031,2022-04-01,5501
2032,2022-04-04,5541
2033,2022-04-05,5520
2034,2022-04-06,5524
2035,2022-04-07,5498
2036,2022-04-08,5497
2037,2022-04-11,5561
2038,2022-04-12,5525
2039,2022-04-13,5507
2040,2022-04-14,5481
2041,2022-04-15,5470
2042,2022-04-18,5510
2043,2022-04-19,5481
2044,2022-04-20,5467
2045,2022-04-21,5450
2046,2022-04-22,5450
2047,2022-04-25,5477
2048,2022-04-26,5460
2049,2022-04-27,5460
2050,2022-04-28,5431
2051,2022-04-29,5411
2052,2022-05-02,5456
2053,2022-05-03,5453
2054,2022-05-04,5445
2055,2022-05-05,5451
2056,2022-05-06,5435
2057,2022-05-09,5481
2058,2022-05-10,5459
2059,2022-05-11,5446
2060,2022-05-12,5460
2061,2022-05-13,5467
2062,2022-05-16,5534
2063,2022-05-17,5514
2064,2022-05-18,5518
2065,2022-05-19,5506
2066,2022-05-20,5461
2067,2022-05-23,5510
2068,2022-05-24,5494
2069,2022-05-25,5486
2070,2022-05-26,5469
2071,2022-05-31,5515
2072,2022-06-01,5506
2073,2022-06-02,5486
2074,2022-06-06,5545
2075,2022-06-07,5517
2076,2022-06-08,5535
2077,2022-06-13,5605
2078,2022-06-15,5576
2079,2022-06-16,5576
2080,2022-06-23,5621
2081,2022-06-26,5646
2082,2022-06-27,5649
2083,2022-06-28,5615
2084,2022-06-29,5589
2085,2022-07-05,5638
2086,2022-07-07,5625
2087,2022-07-08,5630
2088,2022-07-11,5666
2089,2022-07-12,5667
2090,2022-07-13,5656
2091,2022-07-14,5648
2092,2022-07-15,5624
2093,2022-07-18,5691
2094,2022-07-19,5662
2095,2022-07-21,5667
2096,2022-07-22,5652
2097,2022-07-25,5680
2098,2022-07-26,5691
2099,2022-07-27,5682
2100,2022-07-28,5688
2101,2022-08-01,5708
2102,2022-08-02,5663
2103,2022-08-04,5659
2104,2022-08-05,5672
2105,2022-08-08,5708
2106,2022-08-09,5698
2107,2022-08-10,5705
2108,2022-08-14,5710
2109,2022-08-16,5688
2110,2022-08-17,5690
2111,2022-08-18,5698
2112,2022-08-19,5676
2113,2022-08-22,5704
2114,2022-08-23,5682
2115,2022-08-24,5675
2116,2022-08-26,5683
2117,2022-08-30,5714
2118,2022-08-31,5722
2119,2022-09-01,5712
2120,2022-09-02,5703
2121,2022-09-06,5810
2122,2022-09-07,5814
2123,2022-09-08,5813
2124,2022-09-09,5825
2125,2022-09-12,5896
2126,2022-09-13,5883
2127,2022-09-14,5867
2128,2022-09-15,5865
2129,2022-09-18,5896
2130,2022-09-20,5886
2131,2022-09-21,5851
2132,2022-09-22,5819
2133,2022-09-23,5811
2134,2022-09-26,5860
2135,2022-09-27,5838
2136,2022-09-28,5829
2137,2022-09-29,5843
2138,2022-09-30,5849
2139,2022-10-01,5848
2140,2022-10-07,5843
2141,2022-10-11,5918
2142,2022-10-12,5895
2143,2022-10-14,5843
2144,2022-10-17,5908
2145,2022-10-18,5891
2146,2022-10-19,5883
2147,2022-10-20,5860
2148,2022-10-21,5861
2149,2022-10-24,5900
2150,2022-10-25,5881
2151,2022-10-26,5879
2152,2022-10-27,5876
2153,2022-10-28,5906
2154,2022-10-31,5984
2155,2022-11-01,5940
2156,2022-11-02,5924
2157,2022-11-03,5902
2158,2022-11-04,5879
2159,2022-11-07,5928
2160,2022-11-09,5909
2161,2022-11-10,5888
2162,2022-11-14,5964
2163,2022-11-15,5916
2164,2022-11-16,5924
2165,2022-11-17,5899
2166,2022-11-18,5907
2167,2022-11-21,5935
2168,2022-11-22,5889
2169,2022-11-23,5864
2170,2022-11-25,5873
2171,2022-11-28,5891
2172,2022-11-29,5875
2173,2022-11-30,5893
2174,2022-12-05,5945
2175,2022-12-07,5905
2176,2022-12-08,5866
2177,2022-12-09,5868
2178,2022-12-12,5917
2179,2022-12-13,5886
2180,2022-12-14,5893
2181,2022-12-15,5882
2182,2022-12-16,5869
2183,2022-12-19,5858
2184,2022-12-20,5812
2185,2022-12-21,5783
2186,2022-12-22,5751
2187,2022-12-23,5728
2188,2022-12-27,5732
2189,2022-12-28,5719
2190,2022-12-29,5709
2191,2023-01-03,5767
2192,2023-01-04,5779
2193,2023-01-05,5788
2194,2023-01-06,5833
2195,2023-01-09,5905
2196,2023-01-12,5892
2197,2023-01-13,5891
2198,2023-01-17,5977
2199,2023-01-18,5987
2200,2023-01-19,5928
2201,2023-01-20,5940
2202,2023-01-25,5954
2203,2023-01-26,5964
2204,2023-01-27,5965
2205,2023-01-30,6020
2206,2023-01-31,5999
2207,2023-02-01,5969
2208,2023-02-02,5966
2209,2023-02-03,5937
2210,2023-02-06,5986
2211,2023-02-07,5935
2212,2023-02-08,5921
2213,2023-02-09,5946
2214,2023-02-12,5888
2215,2023-02-14,5884
2216,2023-02-15,5880
2217,2023-02-17,5905
2218,2023-02-21,5975
2219,2023-02-22,5946
2220,2023-02-23,5942
2221,2023-02-24,5922
2222,2023-02-27,5945
2223,2023-02-28,5918
2224,2023-03-01,5914
2225,2023-03-02,5911
2226,2023-03-03,5915
2227,2023-03-06,5952
2228,2023-03-07,5929
2229,2023-03-08,5940
2230,2023-03-09,5919
2231,2023-03-10,5913
2232,2023-03-13,5952
2233,2023-03-14,5936
2234,2023-03-15,5922
2235,2023-03-16,5919
2236,2023-03-20,5947
2237,2023-03-21,5916
2238,2023-03-22,5895
2239,2023-03-23,5898
2240,2023-03-24,5889
2241,2023-03-27,5922
2242,2023-03-28,5886
2243,2023-03-29,5877
2244,2023-03-30,5895
2245,2023-03-31,5902
2246,2023-04-02,5950
2247,2023-04-04,5910
2248,2023-04-05,5913
2249,2023-04-06,5905
2250,2023-04-10,5942
2251,2023-04-11,5904
2252,2023-04-12,5897
2253,2023-04-13,5891
2254,2023-04-14,5899
2255,2023-04-17,5955
2256,2023-04-18,5956
2257,2023-04-19,5949
2258,2023-04-20,5973
2259,2023-04-21,5993
2260,2023-04-22,5994
2261,2023-04-23,6024
2262,2023-04-24,6034
2263,2023-04-25,6007
2264,2023-04-26,5991
2265,2023-04-27,5996
2266,2023-04-28,5995
2267,2023-04-29,5963
2268,2023-04-30,6009
2269,2023-05-01,6023
2270,2023-05-02,5996
2271,2023-05-03,5993
2272,2023-05-04,5988
2273,2023-05-05,6015
2274,2023-05-06,6016
2275,2023-05-09,6046
2276,2023-05-10,6013
2277,2023-05-11,6014
2278,2023-05-12,6002
2279,2023-05-13,5998
2280,2023-05-14,6027
2281,2023-05-15,6040
2282,2023-05-16,6011
2283,2023-05-17,6033
2284,2023-05-18,6034
2285,2023-05-19,6047
2286,2023-05-20,6022
2287,2023-05-21,6055
2288,2023-05-22,6059
2289,2023-05-23,6030
2290,2023-05-24,6020
2291,2023-05-25,6018
2292,2023-05-26,6022
2293,2023-05-27,5980
2294,2023-05-28,6002
2295,2023-05-29,6028
2296,2023-05-30,6049
2297,2023-05-31,6016
2298,2023-06-01,6004
2299,2023-06-02,6011
2300,2023-06-03,5978
2301,2023-06-04,6013
2302,2023-06-05,6046
2303,2023-06-06,6035
2304,2023-06-07,6038
2305,2023-06-08,6018
2306,2023-06-09,6017
2307,2023-06-10,6005
2308,2023-06-11,6059
2309,2023-06-12,6086
2310,2023-06-13,6050
2311,2023-06-14,6042
2312,2023-06-15,6058
2313,2023-06-16,6050
2314,2023-06-17,6018
2315,2023-06-18,6058
2316,2023-06-19,6088
2317,2023-06-20,6095
2318,2023-06-21,6091
2319,2023-06-22,6068
2320,2023-06-23,6062
2321,2023-06-24,6033
2322,2023-06-25,6088
2323,2023-06-26,6108
2324,2023-06-27,6081
2325,2023-06-28,6070
2326,2023-06-29,6095
2327,2023-06-30,6102
2328,2023-07-01,6081
2329,2023-07-02,6109
2330,2023-07-03,6119
2331,2023-07-04,6120
2332,2023-07-05,6138
2333,2023-07-06,6134
2334,2023-07-07,6145
2335,2023-07-08,6127
2336,2023-07-09,6169
2337,2023-07-11,6165
2338,2023-07-12,6154
2339,2023-07-13,6149
2340,2023-07-14,6155
2341,2023-07-15,6141
2342,2023-07-16,6179
2343,2023-07-17,6211
2344,2023-07-18,6191
2345,2023-07-19,6166
2346,2023-07-20,6146
2347,2023-07-21,6167
2348,2023-07-22,6165
2349,2023-07-23,6218
2350,2023-07-24,6239
2351,2023-07-25,6203
2352,2023-07-26,6188
2353,2023-07-27,6180
2354,2023-07-28,6148
2355,2023-07-29,6137
2356,2023-07-30,6175
2357,2023-07-31,6203
2358,2023-08-01,6182
2359,2023-08-02,6155
2360,2023-08-03,6144
2361,2023-08-04,6163
2362,2023-08-05,6157
2363,2023-08-06,6187
2364,2023-08-07,6207
2365,2023-08-08,6201
2366,2023-08-09,6187
2367,2023-08-10,6196
2368,2023-08-11,6159
2369,2023-08-12,6141
2370,2023-08-13,6171
2371,2023-08-14,6186
2372,2023-08-15,6175
2373,2023-08-16,6171
2374,2023-08-17,6186
2375,2023-08-18,6227
2376,2023-08-19,6229
2377,2023-08-20,6254
2378,2023-08-21,6270
2379,2023-08-25,6208
2380,2023-08-26,6206
2381,2023-08-27,6234
2382,2023-08-28,6229
2383,2023-08-29,6200
2384,2023-08-30,6177
2385,2023-08-31,6166
2386,2023-09-01,6138
2387,2023-09-02,6130
2388,2023-09-03,6166
2389,2023-09-04,6192
2390,2023-09-05,6202
2391,2023-09-06,6174
2392,2023-09-07,6176
2393,2023-09-08,6158
2394,2023-09-10,6189
2395,2023-09-11,6214
2396,2023-09-12,6187
2397,2023-09-13,6190
2398,2023-09-14,6187
2399,2023-09-15,6203
2400,2023-09-16,6198
2401,2023-09-17,6244
2402,2023-09-18,6259
2403,2023-09-19,6217
2404,2023-09-20,6206
2405,2023-09-21,6187
2406,2023-09-22,6153
2407,2023-09-23,6173
2408,2023-09-24,6212
2409,2023-09-25,6224
2410,2023-09-26,6186
2411,2023-09-27,6183
2412,2023-09-28,6164
2413,2023-09-29,6169
2414,2023-09-30,6142
2415,2023-10-01,6172
2416,2023-10-02,6182
2417,2023-10-03,6154
2418,2023-10-04,6163
2419,2023-10-05,6166
2420,2023-10-06,6159
2421,2023-10-07,6149
2422,2023-10-08,6180
2423,2023-10-09,6210
2424,2023-10-10,6230
2425,2023-10-11,6223
2426,2023-10-12,6208
2427,2023-10-13,6208
2428,2023-10-14,6181
2429,2023-10-15,6214
2430,2023-10-16,6223
2431,2023-10-17,6170
2432,2023-10-18,6165
2433,2023-10-19,6161
2434,2023-10-20,6144
2435,2023-10-23,6188
2436,2023-10-24,6166
2437,2023-10-25,6151
2438,2023-10-26,6134
2439,2023-10-27,6140
2440,2023-10-28,6136
2441,2023-10-29,6177
2442,2023-10-30,6194
2443,2023-10-31,6167
2444,2023-11-01,6162
2445,2023-11-02,6174
2446,2023-11-03,6141
2447,2023-11-04,6161
2448,2023-11-05,6195
2449,2023-11-06,6212
2450,2023-11-07,6152
2451,2023-11-08,6168
2452,2023-11-09,6166
2453,2023-11-10,6118
2454,2023-11-11,6156
2455,2023-11-12,6196
2456,2023-11-13,6211
2457,2023-11-14,6181
2458,2023-11-15,6169
2459,2023-11-16,6148
2460,2023-11-17,6126
2461,2023-11-18,6120
2462,2023-11-19,6164
2463,2023-11-20,6184
2464,2023-11-21,6149
2465,2023-11-22,6131
2466,2023-11-23,6102
2467,2023-11-24,6121
2468,2023-11-25,6109
2469,2023-11-27,6142
2470,2023-11-28,6114
2471,2023-11-29,6115
2472,2023-11-30,6131
2473,2023-12-01,6148
2474,2023-12-02,6143
2475,2023-12-03,6169
2476,2023-12-04,6194
2477,2023-12-05,6152
2478,2023-12-06,6140
2479,2023-12-07,6140
2480,2023-12-08,6146
2481,2023-12-09,6106
2482,2023-12-10,6135
2483,2023-12-11,6157
2484,2023-12-12,6122
2485,2023-12-13,6110
2486,2023-12-15,6102
2487,2023-12-16,6068
2488,2023-12-17,6102
2489,2023-12-18,6110
2490,2023-12-19,6083
2491,2023-12-20,6062
2492,2023-12-21,6048
2493,2023-12-22,6022
2494,2023-12-23,5951
2495,2023-12-24,5962
2496,2023-12-25,5994
2497,2023-12-26,5978
2498,2023-12-27,5964
2499,2023-12-28,5955
2500,2023-12-29,5961
2501,2023-12-30,5972
2502,2023-12-31,5994
2503,2024-01-01,6019
2504,2024-01-02,6020
2505,2024-01-03,6003
2506,2024-01-04,5988
2507,2024-01-05,5990
2508,2024-01-06,5982
2509,2024-01-07,6026
2510,2024-01-08,6051
2511,2024-01-09,6054
2512,2024-01-10,6067
2513,2024-01-11,6075
2514,2024-01-12,6087
2515,2024-01-13,6113
2516,2024-01-14,6150
2517,2024-01-15,6178
2518,2024-01-16,6195
2519,2024-01-17,6198
2520,2024-01-18,6172
2521,2024-01-19,6157
2522,2024-01-20,6135
2523,2024-01-21,6180
2524,2024-01-22,6202
2525,2024-01-23,6167
2526,2024-01-24,6162
2527,2024-01-25,6163
2528,2024-01-26,6152
2529,2024-01-27,6156
2530,2024-01-28,6184
2531,2024-01-29,6204
2532,2024-01-30,6177
2533,2024-01-31,6184
2534,2024-02-01,6167
2535,2024-02-02,6148
2536,2024-02-03,6147
2537,2024-02-05,6198
2538,2024-02-07,6190
2539,2024-02-08,6194
2540,2024-02-09,6198
2541,2024-02-10,6174
2542,2024-02-11,6207
2543,2024-02-12,6222
2544,2024-02-14,6243
2545,2024-02-15,6212
2546,2024-02-16,6195
2547,2024-02-17,6158
2548,2024-02-18,6200
2549,2024-02-19,6228
2550,2024-02-20,6252
2551,2024-02-22,6235
2552,2024-02-23,6237
2553,2024-02-24,6232
2554,2024-02-25,6263
2555,2024-02-26,6271
2556,2024-02-27,6239
2557,2024-02-28,6250
2558,2024-02-29,6274
2559,2024-03-01,6237
2560,2024-03-02,6241
2561,2024-03-04,6281
2562,2024-03-05,6258
2563,2024-03-06,6241
2564,2024-03-07,6238
2565,2024-03-08,6232
2566,2024-03-11,6298
2567,2024-03-12,6270
2568,2024-03-13,6241
2569,2024-03-14,6249
2570,2024-03-15,6267
2571,2024-03-16,6274
2572,2024-03-17,6329
2573,2024-03-18,6332
2574,2024-03-19,6313
2575,2024-03-20,6295
2576,2024-03-21,6305
2577,2024-03-22,6285
2578,2024-03-23,6301
2579,2024-03-24,6332
2580,2024-03-25,6343
2581,2024-03-26,6308
2582,2024-03-27,6309
2583,2024-03-28,6292
2584,2024-03-29,6300
2585,2024-03-30,6283
2586,2024-03-31,6333
2587,2024-04-01,6327
2588,2024-04-02,6291
2589,2024-04-03,6269
2590,2024-04-04,6280
2591,2024-04-05,6272
2592,2024-04-06,6280
2593,2024-04-07,6320
2594,2024-04-08,6341
2595,2024-04-09,6305
2596,2024-04-10,6283
2597,2024-04-11,6266
2598,2024-04-12,6265
2599,2024-04-13,6285
2600,2024-04-14,6322
2601,2024-04-16,6330
2602,2024-04-17,6320
2603,2024-04-18,6328
2604,2024-04-19,6323
2605,2024-04-20,6321
2606,2024-04-21,6362
2607,2024-04-22,6386
2608,2024-04-23,6363
2609,2024-04-24,6355
2610,2024-04-25,6340
2611,2024-04-26,6307
2612,2024-04-27,6312
2613,2024-04-28,6349
2614,2024-04-29,6366
2615,2024-04-30,6307
2616,2024-05-01,6303
2617,2024-05-02,6293
2618,2024-05-03,6279
2619,2024-05-04,6271
2620,2024-05-05,6323
2621,2024-05-06,6336
2622,2024-05-07,6310
2623,2024-05-10,6304
2624,2024-05-11,6289
2625,2024-05-12,6335
2626,2024-05-13,6332
2627,2024-05-14,6317
2628,2024-05-15,6311
2629,2024-05-16,6290
2630,2024-05-17,6276
2631,2024-05-18,6263
2632,2024-05-19,6315
2633,2024-05-20,6336
2634,2024-05-21,6309
2635,2024-05-22,6295
2636,2024-05-23,6283
2637,2024-05-24,6285
2638,2024-05-25,6272
2639,2024-05-26,6315
2640,2024-05-27,6357
2641,2024-05-28,6366
2642,2024-05-29,6356
2643,2024-05-30,6360
2644,2024-05-31,6355
2645,2024-06-01,6336
2646,2024-06-02,6374
2647,2024-06-03,6377
2648,2024-06-04,6376
2649,2024-06-05,6340
2650,2024-06-06,6322
2651,2024-06-07,6320
2652,2024-06-08,6352
2653,2024-06-09,6393
2654,2024-06-10,6408
2655,2024-06-11,6376
2656,2024-06-12,6347
2657,2024-06-13,6351
2658,2024-06-14,6348
2659,2024-06-15,6348
2660,2024-06-16,6387
2661,2024-06-17,6386
2662,2024-06-18,6358
2663,2024-06-19,6338
2664,2024-06-20,6372
2665,2024-06-21,6376
2666,2024-06-22,6386
2667,2024-06-23,6436
2668,2024-06-24,6440
2669,2024-06-25,6431
2670,2024-06-26,6418
2671,2024-06-27,6453
2672,2024-06-28,6420
2673,2024-06-29,6399
2674,2024-06-30,6423
2675,2024-07-01,6427
2676,2024-07-02,6375
2677,2024-07-03,6368
2678,2024-07-04,6358
2679,2024-07-05,6386
2680,2024-07-06,6379
2681,2024-07-07,6417
2682,2024-07-08,6438
2683,2024-07-09,6395
2684,2024-07-10,6391
2685,2024-07-11,6367
2686,2024-07-12,6370
2687,2024-07-13,6355
2688,2024-07-14,6376
2689,2024-07-15,6395
2690,2024-07-16,6373
2691,2024-07-17,6358
2692,2024-07-18,6368
2693,2024-07-19,6374
2694,2024-07-20,6350
2695,2024-07-21,6399
2696,2024-07-22,6419
2697,2024-07-23,6392
2698,2024-07-24,6381
2699,2024-07-25,6376
2700,2024-07-26,6393
2701,2024-07-27,6390
2702,2024-07-28,6427
2703,2024-07-29,6442
2704,2024-07-30,6398
2705,2016-06-02,9836
2706,2016-06-03,9780
2707,2016-06-04,9765
2708,2016-06-05,9894
2709,2016-06-06,9904
2710,2016-06-07,9826
2711,2016-06-08,9817
2712,2016-06-09,9802
2713,2016-06-10,9745
2714,2016-06-11,9737
2715,2016-06-12,9847
2716,2016-06-13,9885
2717,2016-06-14,9833
2718,2016-06-15,9790
2719,2016-06-16,9765
2720,2016-06-17,9736
2721,2016-06-18,9751
2722,2016-06-19,9847
2723,2016-06-20,9864
2724,2016-06-21,9792
2725,2016-06-22,9785
2726,2016-06-23,9798
2727,2016-06-24,9750
2728,2016-06-25,9777
2729,2016-06-26,9871
2730,2016-06-27,9917
2731,2016-06-28,9829
2732,2016-06-29,9783
2733,2016-06-30,9792
2734,2016-07-01,9747
2735,2016-07-02,9744
2736,2016-07-03,9814
2737,2016-07-04,9893
2738,2016-07-05,9889
2739,2016-07-06,9811
2740,2016-07-07,9757
2741,2016-07-08,9714
2742,2016-07-09,9730
2743,2016-07-10,9823
2744,2016-07-11,9847
2745,2016-07-12,9750
2746,2016-07-13,9691
2747,2016-07-14,9709
2748,2016-07-15,9662
2749,2016-07-16,9648
2750,2016-07-17,9756
2751,2016-07-18,9761
2752,2016-07-19,9704
2753,2016-07-20,9696
2754,2016-07-21,9709
2755,2016-07-22,9671
2756,2016-07-23,9667
2757,2016-07-24,9768
2758,2016-07-25,9779
2759,2016-07-26,9719
2760,2016-07-27,9693
2761,2016-07-28,9706
2762,2016-07-29,9680
2763,2016-07-30,9698
2764,2016-07-31,9806
2765,2016-08-01,9809
2766,2016-08-02,9739
2767,2016-08-03,9715
2768,2016-08-04,9713
2769,2016-08-05,9720
2770,2016-08-06,9713
2771,2016-08-07,9806
2772,2016-08-08,9832
2773,2016-08-09,9763
2774,2016-08-10,9761
2775,2016-08-11,9752
2776,2016-08-12,9751
2777,2016-08-13,9757
2778,2016-08-14,9856
2779,2016-08-15,9862
2780,2016-08-16,9772
2781,2016-08-17,9729
2782,2016-08-18,9739
2783,2016-08-19,9729
2784,2016-08-20,9775
2785,2016-08-21,9867
2786,2016-08-22,9838
2787,2016-08-23,9784
2788,2016-08-24,9720
2789,2016-08-25,9756
2790,2016-08-26,9759
2791,2016-08-27,9798
2792,2016-08-28,9945
2793,2016-08-29,9957
2794,2016-08-30,9915
2795,2016-08-31,9855
2796,2016-09-01,9826
2797,2016-09-02,9770
2798,2016-09-03,9732
2799,2016-09-04,9837
2800,2016-09-05,9936
2801,2016-09-06,9940
2802,2016-09-07,9880
2803,2016-09-08,9848
2804,2016-09-09,9797
2805,2016-09-10,9821
2806,2016-09-11,9924
2807,2016-09-12,9948
2808,2016-09-13,9880
2809,2016-09-14,9883
2810,2016-09-15,9886
2811,2016-09-16,9851
2812,2016-09-17,9891
2813,2016-09-18,9963
2814,2016-09-19,10001
2815,2016-09-20,9911
2816,2016-09-21,9826
2817,2016-09-22,9845
2818,2016-09-23,9840
2819,2016-09-24,9856
2820,2016-09-25,9950
2821,2016-09-26,9939
2822,2016-09-27,9863
2823,2016-09-28,9824
2824,2016-09-29,9799
2825,2016-09-30,9757
2826,2016-10-01,9751
2827,2016-10-02,9858
2828,2016-10-03,9845
2829,2016-10-04,9780
2830,2016-10-05,9750
2831,2016-10-06,9748
2832,2016-10-07,9692
2833,2016-10-08,9706
2834,2016-10-09,9800
2835,2016-10-10,9859
2836,2016-10-11,9859
2837,2016-10-12,9793
2838,2016-10-13,9774
2839,2016-10-14,9755
2840,2016-10-15,9790
2841,2016-10-16,9893
2842,2016-10-17,9895
2843,2016-10-18,9866
2844,2016-10-19,9818
2845,2016-10-20,9806
2846,2016-10-21,9784
2847,2016-10-22,9813
2848,2016-10-23,9886
2849,2016-10-24,9886
2850,2016-10-25,9831
2851,2016-10-26,9809
2852,2016-10-27,9827
2853,2016-10-28,9805
2854,2016-10-29,9775
2855,2016-10-30,9844
2856,2016-10-31,9889
2857,2016-11-01,9829
2858,2016-11-02,9764
2859,2016-11-03,9760
2860,2016-11-04,9742
2861,2016-11-05,9779
2862,2016-11-06,9905
2863,2016-11-07,9901
2864,2016-11-08,9827
2865,2016-11-09,9854
2866,2016-11-10,9763
2867,2016-11-11,9740
2868,2016-11-12,9804
2869,2016-11-13,9902
2870,2016-11-14,9875
2871,2016-11-15,9828
2872,2016-11-16,9778
2873,2016-11-17,9775
2874,2016-11-18,9752
2875,2016-11-19,9767
2876,2016-11-20,9847
2877,2016-11-21,9845
2878,2016-11-22,9759
2879,2016-11-23,9666
2880,2016-11-24,9646
2881,2016-11-25,9626
2882,2016-11-26,9606
2883,2016-11-27,9705
2884,2016-11-28,9655
2885,2016-11-29,9585
2886,2016-11-30,9551
2887,2016-12-01,9577
2888,2016-12-02,9561
2889,2016-12-03,9602
2890,2016-12-04,9681
2891,2016-12-05,9679
2892,2016-12-06,9606
2893,2016-12-07,9575
2894,2016-12-08,9574
2895,2016-12-09,9565
2896,2016-12-10,9581
2897,2016-12-11,9650
2898,2016-12-12,9652
2899,2016-12-13,9594
2900,2016-12-14,9528
2901,2016-12-15,9544
2902,2016-12-16,9492
2903,2016-12-17,9446
2904,2016-12-18,9513
2905,2016-12-19,9497
2906,2016-12-20,9427
2907,2016-12-21,9354
2908,2016-12-22,9308
2909,2016-12-23,9208
2910,2016-12-24,9180
2911,2016-12-25,9203
2912,2016-12-26,9233
2913,2016-12-27,9209
2914,2016-12-28,9191
2915,2016-12-29,9180
2916,2016-12-30,9170
2917,2016-12-31,9143
2918,2017-01-01,9189
2919,2017-01-02,9238
2920,2017-01-03,9227
2921,2017-01-04,9202
2922,2017-01-05,9241
2923,2017-01-06,9242
2924,2017-01-07,9246
2925,2017-01-08,9346
2926,2017-01-09,9323
2927,2017-01-10,9265
2928,2017-01-11,9249
2929,2017-01-12,9300
2930,2017-01-13,9274
2931,2017-01-14,9312
2932,2017-01-15,9385
2933,2017-01-16,9441
2934,2017-01-17,9447
2935,2017-01-18,9427
2936,2017-01-19,9470
2937,2017-01-20,9455
2938,2017-01-21,9473
2939,2017-01-22,9572
2940,2017-01-23,9585
2941,2017-01-24,9552
2942,2017-01-25,9493
2943,2017-01-26,9513
2944,2017-01-27,9498
2945,2017-01-28,9509
2946,2017-01-29,9624
2947,2017-01-30,9648
2948,2017-01-31,9614
2949,2017-02-01,9552
2950,2017-02-02,9517
2951,2017-02-03,9454
2952,2017-02-04,9500
2953,2017-02-05,9559
2954,2017-02-06,9532
2955,2017-02-07,9490
2956,2017-02-08,9473
2957,2017-02-09,9491
2958,2017-02-10,9501
2959,2017-02-11,9443
2960,2017-02-12,9518
2961,2017-02-13,9567
2962,2017-02-14,9593
2963,2017-02-15,9560
2964,2017-02-16,9558
2965,2017-02-17,9485
2966,2017-02-18,9488
2967,2017-02-19,9586
2968,2017-02-20,9655
2969,2017-02-21,9656
2970,2017-02-22,9603
2971,2017-02-23,9522
2972,2017-02-24,9465
2973,2017-02-25,9457
2974,2017-02-26,9537
2975,2017-02-27,9521
2976,2017-02-28,9481
2977,2017-03-01,9481
2978,2017-03-02,9433
2979,2017-03-03,9392
2980,2017-03-04,9403
2981,2017-03-05,9476
2982,2017-03-06,9489
2983,2017-03-07,9434
2984,2017-03-08,9433
2985,2017-03-09,9452
2986,2017-03-10,9418
2987,2017-03-11,9468
2988,2017-03-12,9523
2989,2017-03-13,9525
2990,2017-03-14,9487
2991,2017-03-15,9394
2992,2017-03-16,9338
2993,2017-03-17,9304
2994,2017-03-18,9279
2995,2017-03-19,9355
2996,2017-03-20,9357
2997,2017-03-21,9304
2998,2017-03-22,9314
2999,2017-03-23,9354
3000,2017-03-24,9331
3001,2017-03-25,9348
3002,2017-03-26,9430
3003,2017-03-27,9452
3004,2017-03-28,9374
3005,2017-03-29,9361
3006,2017-03-30,9375
3007,2017-03-31,9341
3008,2017-04-01,9322
3009,2017-04-02,9391
3010,2017-04-03,9414
3011,2017-04-04,9355
3012,2017-04-05,9330
3013,2017-04-06,9375
3014,2017-04-07,9331
3015,2017-04-08,9359
3016,2017-04-09,9420
3017,2017-04-10,9425
3018,2017-04-11,9342
3019,2017-04-12,9282
3020,2017-04-13,9256
3021,2017-04-14,9157
3022,2017-04-15,9168
3023,2017-04-16,9255
3024,2017-04-17,9275
3025,2017-04-18,9227
3026,2017-04-19,9223
3027,2017-04-20,9237
3028,2017-04-21,9175
3029,2017-04-22,9236
3030,2017-04-23,9334
3031,2017-04-24,9317
3032,2017-04-25,9258
3033,2017-04-26,9274
3034,2017-04-27,9308
3035,2017-04-28,9284
3036,2017-04-29,9320
3037,2017-04-30,9394
3038,2017-05-01,9406
3039,2017-05-02,9342
3040,2017-05-03,9314
3041,2017-05-04,9351
3042,2017-05-05,9323
3043,2017-05-06,9353
3044,2017-05-07,9418
3045,2017-05-08,9431
3046,2017-05-09,9340
3047,2017-05-10,9290
3048,2017-05-11,9281
3049,2017-05-12,9284
3050,2017-05-13,9315
3051,2017-05-14,9375
3052,2017-05-15,9337
3053,2017-05-16,9266
3054,2017-05-17,9255
3055,2017-05-18,9284
3056,2017-05-19,9268
3057,2017-05-20,9269
3058,2017-05-21,9346
3059,2017-05-22,9362
3060,2017-05-23,9278
3061,2017-05-24,9243
3062,2017-05-25,9208
3063,2017-05-26,9191
3064,2017-05-27,9164
3065,2017-05-28,9260
3066,2017-05-29,9321
3067,2017-05-30,9312
3068,2017-05-31,9288
3069,2017-06-01,9272
3070,2017-06-02,9235
3071,2017-06-03,9270
3072,2017-06-04,9364
3073,2017-06-05,9339
3074,2017-06-06,9270
3075,2017-06-07,9200
3076,2017-06-08,9210
3077,2017-06-09,9234
3078,2017-06-10,9195
3079,2017-06-11,9281
3080,2017-06-12,9303
3081,2017-06-13,9242
3082,2017-06-14,9218
3083,2017-06-15,9222
3084,2017-06-16,9183
3085,2017-06-17,9195
3086,2017-06-18,9304
3087,2017-06-19,9311
3088,2017-06-20,9230
3089,2017-06-21,9221
3090,2017-06-22,9219
3091,2017-06-23,9185
3092,2017-06-24,9238
3093,2017-06-25,9315
3094,2017-06-26,9310
3095,2017-06-27,9277
3096,2017-06-28,9253
3097,2017-06-29,9242
3098,2017-06-30,9215
3099,2017-07-01,9196
3100,2017-07-02,9256
3101,2017-07-03,9245
3102,2017-07-04,9217
3103,2017-07-05,9241
3104,2017-07-06,9186
3105,2017-07-07,9171
3106,2017-07-08,9165
3107,2017-07-09,9252
3108,2017-07-10,9250
3109,2017-07-11,9196
3110,2017-07-12,9124
3111,2017-07-13,9090
3112,2017-07-14,9107
3113,2017-07-15,9157
3114,2017-07-16,9232
3115,2017-07-17,9255
3116,2017-07-18,9195
3117,2017-07-19,9203
3118,2017-07-20,9205
3119,2017-07-21,9192
3120,2017-07-22,9204
3121,2017-07-23,9305
3122,2017-07-24,9316
3123,2017-07-25,9263
3124,2017-07-26,9231
3125,2017-07-27,9218
3126,2017-07-28,9189
3127,2017-07-29,9190
3128,2017-07-30,9282
3129,2017-07-31,9329
3130,2017-08-01,9215
3131,2017-08-02,9198
3132,2017-08-03,9177
3133,2017-08-04,9176
3134,2017-08-05,9183
3135,2017-08-06,9272
3136,2017-08-07,9281
3137,2017-08-08,9218
3138,2017-08-09,9196
3139,2017-08-10,9224
3140,2017-08-11,9209
3141,2017-08-12,9215
3142,2017-08-13,9298
3143,2017-08-14,9346
3144,2017-08-15,9242
3145,2017-08-16,9212
3146,2017-08-17,9216
3147,2017-08-18,9194
3148,2017-08-19,9183
3149,2017-08-20,9246
3150,2017-08-21,9252
3151,2017-08-22,9214
3152,2017-08-23,9190
3153,2017-08-24,9197
3154,2017-08-25,9162
3155,2017-08-26,9151
3156,2017-08-27,9222
3157,2017-08-28,9224
3158,2017-08-29,9206
3159,2017-08-30,9178
3160,2017-08-31,9184
3161,2017-09-01,9165
3162,2017-09-02,9128
3163,2017-09-03,9200
3164,2017-09-04,9265
3165,2017-09-05,9279
3166,2017-09-06,9254
3167,2017-09-07,9293
3168,2017-09-08,9293
3169,2017-09-09,9323
3170,2017-09-10,9388
3171,2017-09-11,9402
3172,2017-09-12,9372
3173,2017-09-13,9362
3174,2017-09-14,9381
3175,2017-09-15,9382
3176,2017-09-16,9368
3177,2017-09-17,9443
3178,2017-09-18,9446
3179,2017-09-19,9397
3180,2017-09-20,9387
3181,2017-09-21,9307
3182,2017-09-22,9243
3183,2017-09-23,9246
3184,2017-09-24,9353
3185,2017-09-25,9347
3186,2017-09-26,9294
3187,2017-09-27,9250
3188,2017-09-28,9247
3189,2017-09-29,9203
3190,2017-09-30,9151
3191,2017-10-01,9233
3192,2017-10-02,9239
3193,2017-10-03,9168
3194,2017-10-04,9143
3195,2017-10-05,9163
3196,2017-10-06,9155
3197,2017-10-07,9156
3198,2017-10-08,9237
3199,2017-10-09,9303
3200,2017-10-10,9308
3201,2017-10-11,9250
3202,2017-10-12,9256
3203,2017-10-13,9243
3204,2017-10-14,9225
3205,2017-10-15,9315
3206,2017-10-16,9315
3207,2017-10-17,9240
3208,2017-10-18,9202
3209,2017-10-19,9188
3210,2017-10-20,9178
3211,2017-10-21,9211
3212,2017-10-22,9300
3213,2017-10-23,9322
3214,2017-10-24,9254
3215,2017-10-25,9264
3216,2017-10-26,9251
3217,2017-10-27,9244
3218,2017-10-28,9269
3219,2017-10-29,9340
3220,2017-10-30,9353
3221,2017-10-31,9263
3222,2017-11-01,9231
3223,2017-11-02,9191
3224,2017-11-03,9164
3225,2017-11-04,9164
3226,2017-11-05,9268
3227,2017-11-06,9293
3228,2017-11-07,9229
3229,2017-11-08,9287
3230,2017-11-09,9220
3231,2017-11-10,9164
3232,2017-11-11,9235
3233,2017-11-12,9315
3234,2017-11-13,9329
3235,2017-11-14,9253
3236,2017-11-15,9272
3237,2017-11-16,9292
3238,2017-11-17,9260
3239,2017-11-18,9244
3240,2017-11-19,9308
3241,2017-11-20,9304
3242,2017-11-21,9227
3243,2017-11-22,9157
3244,2017-11-23,9152
3245,2017-11-24,9144
3246,2017-11-25,9123
3247,2017-11-26,9195
3248,2017-11-27,9221
3249,2017-11-28,9137
3250,2017-11-29,9132
3251,2017-11-30,9143
3252,2017-12-01,9134
3253,2017-12-02,9125
3254,2017-12-03,9173
3255,2017-12-04,9203
3256,2017-12-05,9163
3257,2017-12-06,9154
3258,2017-12-07,9173
3259,2017-12-08,9155
3260,2017-12-09,9145
3261,2017-12-10,9216
3262,2017-12-11,9249
3263,2017-12-12,9193
3264,2017-12-13,9140
3265,2017-12-14,9131
3266,2017-12-15,9077
3267,2017-12-16,9052
3268,2017-12-17,9098
3269,2017-12-18,9090
3270,2017-12-19,9038
3271,2017-12-20,9006
3272,2017-12-21,8989
3273,2017-12-22,8881
3274,2017-12-23,8807
3275,2017-12-24,8894
3276,2017-12-25,8934
3277,2017-12-26,8909
3278,2017-12-27,8857
3279,2017-12-28,8825
3280,2017-12-29,8774
3281,2017-12-30,8750
3282,2017-12-31,8812
3283,2018-01-02,8814
3284,2018-01-03,8796
3285,2018-01-04,8813
3286,2018-01-05,8831
3287,2018-01-06,8810
3288,2018-01-07,8867
3289,2018-01-08,8878
3290,2018-01-09,8866
3291,2018-01-10,8871
3292,2018-01-11,8914
3293,2018-01-12,8938
3294,2018-01-13,8935
3295,2018-01-14,8987
3296,2018-01-15,9043
3297,2018-01-16,9063
3298,2018-01-17,9063
3299,2018-01-18,9081
3300,2018-01-19,9052
3301,2018-01-20,9039
3302,2018-01-21,9098
3303,2018-01-22,9118
3304,2018-01-23,9111
3305,2018-01-24,9087
3306,2018-01-25,9076
3307,2018-01-26,9082
3308,2018-01-27,9114
3309,2018-01-28,9186
3310,2018-01-29,9205
3311,2018-01-30,9141
3312,2018-01-31,9121
3313,2018-02-01,9116
3314,2018-02-02,9108
3315,2018-02-03,9107
3316,2018-02-04,9179
3317,2018-02-05,9179
3318,2018-02-06,9121
3319,2018-02-07,9096
3320,2018-02-08,9108
3321,2018-02-09,9039
3322,2018-02-10,9044
3323,2018-02-11,9092
3324,2018-02-12,9112
3325,2018-02-13,9113
3326,2018-02-14,9059
3327,2018-02-15,9056
3328,2018-02-16,9005
3329,2018-02-17,9027
3330,2018-02-18,9087
3331,2018-02-19,9148
3332,2018-02-20,9135
3333,2018-02-21,9082
3334,2018-02-22,9047
3335,2018-02-23,9028
3336,2018-02-24,9029
3337,2018-02-25,9083
3338,2018-02-26,9100
3339,2018-02-27,9078
3340,2018-02-28,9033
3341,2018-03-01,9045
3342,2018-03-02,9035
3343,2018-03-03,8987
3344,2018-03-04,9044
3345,2018-03-05,9057
3346,2018-03-06,9001
3347,2018-03-07,9005
3348,2018-03-08,8994
3349,2018-03-09,8958
3350,2018-03-10,8941
3351,2018-03-12,8994
3352,2018-03-13,8965
3353,2018-03-14,8905
3354,2018-03-15,8913
3355,2018-03-16,8899
3356,2018-03-17,8904
3357,2018-03-18,8994
3358,2018-03-19,8954
3359,2018-03-20,8898
3360,2018-03-21,8843
3361,2018-03-22,8826
3362,2018-03-23,8752
3363,2018-03-24,8763
3364,2018-03-25,8832
3365,2018-03-26,8834
3366,2018-03-27,8770
3367,2018-03-28,8745
3368,2018-03-29,8742
3369,2018-03-30,8698
3370,2018-03-31,8695
3371,2018-04-01,8730
3372,2018-04-02,8741
3373,2018-04-03,8679
3374,2018-04-04,8658
3375,2018-04-05,8663
3376,2018-04-06,8648
3377,2018-04-07,8635
3378,2018-04-08,8720
3379,2018-04-09,8727
3380,2018-04-10,8653
3381,2018-04-11,8643
3382,2018-04-12,8647
3383,2018-04-13,8588
3384,2018-04-14,8577
3385,2018-04-15,8665
3386,2018-04-16,8667
3387,2018-04-17,8608
3388,2018-04-18,8600
3389,2018-04-19,8570
3390,2018-04-20,8575
3391,2018-04-21,8578
3392,2018-04-22,8654
3393,2018-04-23,8673
3394,2018-04-24,8641
3395,2018-04-25,8613
3396,2018-04-26,8636
3397,2018-04-27,8646
3398,2018-04-28,8609
3399,2018-04-29,8670
3400,2018-04-30,8678
3401,2018-05-01,8620
3402,2018-05-02,8581
3403,2018-05-03,8588
3404,2018-05-04,8560
3405,2018-05-05,8540
3406,2018-05-06,8626
3407,2018-05-07,8639
3408,2018-05-08,8567
3409,2018-05-09,8501
3410,2018-05-10,8522
3411,2018-05-11,8501
3412,2018-05-12,8511
3413,2018-05-13,8555
3414,2018-05-14,8567
3415,2018-05-15,8503
3416,2018-05-16,8446
3417,2018-05-17,8434
3418,2018-05-18,8411
3419,2018-05-19,8404
3420,2018-05-20,8474
3421,2018-05-21,8482
3422,2018-05-22,8447
3423,2018-05-23,8415
3424,2018-05-24,8391
3425,2018-05-25,8338
3426,2018-05-26,8310
3427,2018-05-27,8388
3428,2018-05-28,8443
3429,2018-05-29,8441
3430,2018-05-30,8401
3431,2018-05-31,8363
3432,2018-06-01,8347
3433,2018-06-02,8339
3434,2018-06-03,8407
3435,2018-06-04,8420
3436,2018-06-05,8358
3437,2018-06-06,8307
3438,2018-06-07,8319
3439,2018-06-08,8353
3440,2018-06-09,8332
3441,2018-06-10,8393
3442,2018-06-11,8416
3443,2018-06-12,8362
3444,2018-06-13,8336
3445,2018-06-14,8331
3446,2018-06-15,8303
3447,2018-06-16,8279
3448,2018-06-17,8367
3449,2018-06-18,8365
3450,2018-06-19,8296
3451,2018-06-20,8285
3452,2018-06-21,8302
3453,2018-06-22,8249
3454,2018-06-23,8255
3455,2018-06-24,8318
3456,2018-06-25,8326
3457,2018-06-26,8273
3458,2018-06-27,8231
3459,2018-06-28,8244
3460,2018-06-29,8225
3461,2018-06-30,8203
3462,2018-07-01,8278
3463,2018-07-02,8281
3464,2018-07-03,8218
3465,2018-07-04,8187
3466,2018-07-05,8211
3467,2018-07-06,8169
3468,2018-07-07,8161
3469,2018-07-08,8230
3470,2018-07-09,8239
3471,2018-07-10,8172
3472,2018-07-11,8166
3473,2018-07-12,8194
3474,2018-07-13,8181
3475,2018-07-14,8174
3476,2018-07-15,8248
3477,2018-07-16,8272
3478,2018-07-17,8256
3479,2018-07-18,8272
3480,2018-07-19,8255
3481,2018-07-20,8246
3482,2018-07-21,8216
3483,2018-07-22,8278
3484,2018-07-23,8285
3485,2018-07-24,8227
3486,2018-07-25,8220
3487,2018-07-26,8201
3488,2018-07-27,8191
3489,2018-07-28,8163
3490,2018-07-29,8222
3491,2018-07-30,8218
3492,2018-07-31,8167
3493,2018-08-01,8143
3494,2018-08-02,8162
3495,2018-08-03,8156
3496,2018-08-04,8121
3497,2018-08-05,8186
3498,2018-08-06,8215
3499,2018-08-07,8173
3500,2018-08-08,8171
3501,2018-08-09,8169
3502,2018-08-10,8198
3503,2018-08-11,8189
3504,2018-08-12,8228
3505,2018-08-13,8262
3506,2018-08-14,8220
3507,2018-08-15,8219
3508,2018-08-16,8209
3509,2018-08-17,8174
3510,2018-08-18,8159
3511,2018-08-19,8223
3512,2018-08-20,8223
3513,2018-08-21,8179
3514,2018-08-22,8160
3515,2018-08-23,8140
3516,2018-08-24,8137
3517,2018-08-25,8140
3518,2018-08-26,8222
3519,2018-08-27,8239
3520,2018-08-28,8225
3521,2018-08-29,8211
3522,2018-08-30,8207
3523,2018-08-31,8176
3524,2018-09-01,8168
3525,2018-09-02,8236
3526,2018-09-03,8286
3527,2018-09-04,8299
3528,2018-09-05,8268
3529,2018-09-06,8259
3530,2018-09-07,8261
3531,2018-09-08,8268
3532,2018-09-09,8337
3533,2018-09-10,8352
3534,2018-09-11,8299
3535,2018-09-12,8307
3536,2018-09-13,8325
3537,2018-09-14,8298
3538,2018-09-15,8316
3539,2018-09-16,8375
3540,2018-09-17,8368
3541,2018-09-18,8310
3542,2018-09-19,8318
3543,2018-09-20,8320
3544,2018-09-21,8320
3545,2018-09-22,8332
3546,2018-09-23,8396
3547,2018-09-24,8407
3548,2018-09-25,8365
3549,2018-09-26,8313
3550,2018-09-27,8295
3551,2018-09-28,8292
3552,2018-09-29,8259
3553,2018-09-30,8315
3554,2018-10-01,8318
3555,2018-10-02,8295
3556,2018-10-03,8274
3557,2018-10-04,8313
3558,2018-10-05,8280
3559,2018-10-06,8280
3560,2018-10-07,8318
3561,2018-10-08,8368
3562,2018-10-09,8355
3563,2018-10-10,8315
3564,2018-10-11,8318
3565,2018-10-12,8313
3566,2018-10-13,8311
3567,2018-10-14,8391
3568,2018-10-15,8392
3569,2018-10-16,8330
3570,2018-10-17,8320
3571,2018-10-18,8310
3572,2018-10-19,8292
3573,2018-10-20,8280
3574,2018-10-21,8346
3575,2018-10-22,8359
3576,2018-10-23,8333
3577,2018-10-24,8294
3578,2018-10-25,8286
3579,2018-10-26,8260
3580,2018-10-27,8235
3581,2018-10-28,8305
3582,2018-10-29,8316
3583,2018-10-30,8263
3584,2018-10-31,8217
3585,2018-11-01,8216
3586,2018-11-02,8203
3587,2018-11-03,8236
3588,2018-11-04,8297
3589,2018-11-05,8282
3590,2018-11-06,8233
3591,2018-11-07,8266
3592,2018-11-08,8216
3593,2018-11-09,8189
3594,2018-11-10,8197
3595,2018-11-11,8260
3596,2018-11-12,8283
3597,2018-11-13,8301
3598,2018-11-14,8270
3599,2018-11-15,8288
3600,2018-11-16,8281
3601,2018-11-17,8271
3602,2018-11-18,8331
3603,2018-11-19,8323
3604,2018-11-20,8242
3605,2018-11-21,8219
3606,2018-11-22,8209
3607,2018-11-23,8230
3608,2018-11-24,8202
3609,2018-11-25,8250
3610,2018-11-26,8265
3611,2018-11-27,8231
3612,2018-11-28,8195
3613,2018-11-29,8183
3614,2018-11-30,8156
3615,2018-12-01,8175
3616,2018-12-02,8228
3617,2018-12-03,8235
3618,2018-12-04,8199
3619,2018-12-05,8170
3620,2018-12-06,8147
3621,2018-12-07,8178
3622,2018-12-08,8155
3623,2018-12-09,8211
3624,2018-12-10,8208
3625,2018-12-11,8169
3626,2018-12-12,8163
3627,2018-12-13,8148
3628,2018-12-14,8134
3629,2018-12-15,8115
3630,2018-12-16,8160
3631,2018-12-17,8182
3632,2018-12-18,8137
3633,2018-12-19,8089
3634,2018-12-20,8044
3635,2018-12-21,7964
3636,2018-12-22,7905
3637,2018-12-23,7941
3638,2018-12-24,7934
3639,2018-12-25,7871
3640,2018-12-26,7849
3641,2018-12-27,7814
3642,2018-12-28,7791
3643,2018-12-29,7801
3644,2018-12-30,7863
3645,2018-12-31,7869
3646,2019-01-01,7840
3647,2019-01-02,7843
3648,2019-01-03,7837
3649,2019-01-04,7846
3650,2019-01-05,7893
3651,2019-01-06,7948
3652,2019-01-07,7978
3653,2019-01-08,7930
3654,2019-01-09,7991
3655,2019-01-10,8009
3656,2019-01-11,8059
3657,2019-01-12,8091
3658,2019-01-13,8130
3659,2019-01-14,8128
3660,2019-01-15,8076
3661,2019-01-16,8067
3662,2019-01-17,8076
3663,2019-01-18,8086
3664,2019-01-19,8083
3665,2019-01-20,8143
3666,2019-01-21,8179
3667,2019-01-22,8187
3668,2019-01-23,8162
3669,2019-01-24,8181
3670,2019-01-25,8170
3671,2019-01-26,8197
3672,2019-01-27,8268
3673,2019-01-28,8286
3674,2019-01-29,8262
3675,2019-01-30,8259
3676,2019-01-31,8212
3677,2019-02-01,8170
3678,2019-02-02,8148
3679,2019-02-03,8207
3680,2019-02-04,8201
3681,2019-02-05,8168
3682,2019-02-06,8149
3683,2019-02-07,8163
3684,2019-02-08,8137
3685,2019-02-09,8133
3686,2019-02-10,8206
3687,2019-02-11,8200
3688,2019-02-12,8151
3689,2019-02-13,8182
3690,2019-02-14,8134
3691,2019-02-15,8118
3692,2019-02-16,8066
3693,2019-02-17,8148
3694,2019-02-18,8188
3695,2019-02-19,8196
3696,2019-02-20,8165
3697,2019-02-21,8143
3698,2019-02-22,8079
3699,2019-02-23,8057
3700,2019-02-24,8114
3701,2019-02-25,8129
3702,2019-02-26,8075
3703,2019-02-27,8038
3704,2019-02-28,8023
3705,2019-03-01,7998
3706,2019-03-02,7979
3707,2019-03-03,8037
3708,2019-03-04,8026
3709,2019-03-05,7981
3710,2019-03-06,7950
3711,2019-03-07,7942
3712,2019-03-08,7966
3713,2019-03-09,7969
3714,2019-03-10,8042
3715,2019-03-11,8065
3716,2019-03-12,8018
3717,2019-03-13,7969
3718,2019-03-14,7974
3719,2019-03-15,7935
3720,2019-03-16,7955
3721,2019-03-17,7992
3722,2019-03-18,7977
3723,2019-03-19,7903
3724,2019-03-20,7844
3725,2019-03-21,7807
3726,2019-03-22,7807
3727,2019-03-23,7804
3728,2019-03-24,7869
3729,2019-03-25,7866
3730,2019-03-26,7824
3731,2019-03-27,7804
3732,2019-03-28,7776
3733,2019-03-29,7763
3734,2019-03-30,7756
3735,2019-03-31,7821
3736,2019-04-01,7822
3737,2019-04-02,7750
3738,2019-04-03,7712
3739,2019-04-04,7709
3740,2019-04-05,7714
3741,2019-04-06,7725
3742,2019-04-07,7779
3743,2019-04-08,7779
3744,2019-04-09,7695
3745,2019-04-10,7712
3746,2019-04-11,7680
3747,2019-04-12,7703
3748,2019-04-13,7696
3749,2019-04-14,7767
3750,2019-04-15,7769
3751,2019-04-16,7724
3752,2019-04-17,7718
3753,2019-04-18,7698
3754,2019-04-19,7660
3755,2019-04-20,7686
3756,2019-04-21,7747
3757,2019-04-22,7734
3758,2019-04-23,7678
3759,2019-04-24,7677
3760,2019-04-25,7656
3761,2019-04-26,7653
3762,2019-04-27,7625
3763,2019-04-28,7674
3764,2019-04-29,7677
3765,2019-04-30,7629
3766,2019-05-01,7612
3767,2019-05-02,7598
3768,2019-05-03,7624
3769,2019-05-04,7604
3770,2019-05-05,7677
3771,2019-05-06,7677
3772,2019-05-07,7650
3773,2019-05-08,7630
3774,2019-05-09,7611
3775,2019-05-10,7610
3776,2019-05-11,7614
3777,2019-05-12,7654
3778,2019-05-13,7656
3779,2019-05-14,7590
3780,2019-05-15,7580
3781,2019-05-16,7558
3782,2019-05-17,7529
3783,2019-05-18,7527
3784,2019-05-19,7583
3785,2019-05-20,7571
3786,2019-05-21,7536
3787,2019-05-22,7503
3788,2019-05-23,7494
3789,2019-05-24,7460
3790,2019-05-25,7416
3791,2019-05-26,7467
3792,2019-05-27,7499
3793,2019-05-28,7513
3794,2019-05-29,7505
3795,2019-05-30,7500
3796,2019-05-31,7474
3797,2019-06-01,7479
3798,2019-06-02,7520
3799,2019-06-03,7528
3800,2019-06-04,7501
3801,2019-06-05,7461
3802,2019-06-06,7446
3803,2019-06-07,7450
3804,2019-06-08,7445
3805,2019-06-09,7502
3806,2019-06-10,7493
3807,2019-06-11,7447
3808,2019-06-12,7437
3809,2019-06-13,7433
3810,2019-06-14,7446
3811,2019-06-15,7451
3812,2019-06-16,7511
3813,2019-06-17,7541
3814,2019-06-18,7497
3815,2019-06-19,7479
3816,2019-06-20,7469
3817,2019-06-21,7481
3818,2019-06-22,7485
3819,2019-06-23,7525
3820,2019-06-24,7527
3821,2019-06-25,7508
3822,2019-06-26,7473
3823,2019-06-27,7458
3824,2019-06-28,7406
3825,2019-06-29,7375
3826,2019-06-30,7419
3827,2019-07-01,7428
3828,2019-07-02,7367
3829,2019-07-03,7337
3830,2019-07-04,7346
3831,2019-07-05,7377
3832,2019-07-06,7368
3833,2019-07-07,7423
3834,2019-07-08,7430
3835,2019-07-09,7386
3836,2019-07-10,7394
3837,2019-07-11,7384
3838,2019-07-12,7366
3839,2019-07-13,7380
3840,2019-07-14,7452
3841,2019-07-15,7458
3842,2019-07-16,7396
3843,2019-07-17,7373
3844,2019-07-18,7363
3845,2019-07-19,7344
3846,2019-07-20,7340
3847,2019-07-21,7384
3848,2019-07-22,7379
3849,2019-07-23,7322
3850,2019-07-24,7329
3851,2019-07-25,7303
3852,2019-07-26,7313
3853,2019-07-27,7342
3854,2019-07-28,7407
3855,2019-07-29,7424
3856,2019-07-30,7373
3857,2019-07-31,7364
3858,2019-08-01,7333
3859,2019-08-02,7310
3860,2019-08-03,7299
3861,2019-08-04,7351
3862,2019-08-05,7350
3863,2019-08-06,7308
3864,2019-08-07,7280
3865,2019-08-08,7226
3866,2019-08-09,7197
3867,2019-08-10,7205
3868,2019-08-11,7261
3869,2019-08-12,7250
3870,2019-08-13,7216
3871,2019-08-14,7180
3872,2019-08-15,7174
3873,2019-08-16,7156
3874,2019-08-17,7127
3875,2019-08-18,7170
3876,2019-08-19,7176
3877,2019-08-20,7138
3878,2019-08-21,7104
3879,2019-08-22,7099
3880,2019-08-23,7108
3881,2019-08-24,7087
3882,2019-08-25,7151
3883,2019-08-26,7152
3884,2019-08-27,7110
3885,2019-08-28,7105
3886,2019-08-29,7065
3887,2019-08-30,7051
3888,2019-08-31,7022
3889,2019-09-01,7061
3890,2019-09-02,7090
3891,2019-09-03,7120
3892,2019-09-04,7132
3893,2019-09-05,7096
3894,2019-09-06,7093
3895,2019-09-07,7118
3896,2019-09-08,7193
3897,2019-09-09,7197
3898,2019-09-10,7169
3899,2019-09-11,7162
3900,2019-09-12,7168
3901,2019-09-13,7151
3902,2019-09-14,7155
3903,2019-09-15,7213
3904,2019-09-16,7211
3905,2019-09-17,7185
3906,2019-09-18,7186
3907,2019-09-19,7200
3908,2019-09-20,7209
3909,2019-09-21,7220
3910,2019-09-22,7275
3911,2019-09-23,7298
3912,2019-09-24,7280
3913,2019-09-25,7237
3914,2019-09-26,7217
3915,2019-09-27,7216
3916,2019-09-28,7223
3917,2019-09-29,7272
3918,2019-09-30,7266
3919,2019-10-01,7235
3920,2019-10-02,7242
3921,2019-10-03,7224
3922,2019-10-04,7228
3923,2019-10-05,7234
3924,2019-10-06,7274
3925,2019-10-07,7257
3926,2019-10-08,7246
3927,2019-10-09,7206
3928,2019-10-10,7225
3929,2019-10-11,7210
3930,2019-10-12,7209
3931,2019-10-13,7262
3932,2019-10-14,7300
3933,2019-10-15,7274
3934,2019-10-16,7226
3935,2019-10-17,7165
3936,2019-10-18,7161
3937,2019-10-19,7183
3938,2019-10-20,7224
3939,2019-10-21,7224
3940,2019-10-22,7207
3941,2019-10-23,7191
3942,2019-10-24,7166
3943,2019-10-25,7153
3944,2019-10-26,7200
3945,2019-10-27,7254
3946,2019-10-28,7261
3947,2019-10-29,7210
3948,2019-10-30,7168
3949,2019-10-31,7141
3950,2019-11-01,7131
3951,2019-11-02,7104
3952,2019-11-03,7141
3953,2019-11-04,7120
3954,2019-11-05,7044
3955,2019-11-06,7069
3956,2019-11-07,7040
3957,2019-11-08,7013
3958,2019-11-09,6986
3959,2019-11-10,7020
3960,2019-11-11,7041
3961,2019-11-12,7072
3962,2019-11-13,7070
3963,2019-11-14,7014
3964,2019-11-15,6989
3965,2019-11-16,6986
3966,2019-11-17,7035
3967,2019-11-18,7029
3968,2019-11-19,6963
3969,2019-11-20,6947
3970,2019-11-21,6937
3971,2019-11-22,6901
3972,2019-11-23,6911
3973,2019-11-24,6971
3974,2019-11-25,6954
3975,2019-11-26,6909
3976,2019-11-27,6864
3977,2019-11-28,6820
3978,2019-11-29,6838
3979,2019-11-30,6818
3980,2019-12-01,6857
3981,2019-12-02,6874
3982,2019-12-03,6829
3983,2019-12-04,6796
3984,2019-12-05,6762
3985,2019-12-06,6735
3986,2019-12-07,6737
3987,2019-12-08,6764
3988,2019-12-09,6746
3989,2019-12-10,6688
3990,2019-12-11,6645
3991,2019-12-12,6576
3992,2019-12-13,6518
3993,2019-12-14,6498
3994,2019-12-15,6534
3995,2019-12-16,6522
3996,2019-12-17,6411
3997,2019-12-18,6364
3998,2019-12-19,6283
3999,2019-12-20,6227
4000,2019-12-21,6153
4001,2019-12-22,6167
4002,2019-12-23,6141
4003,2019-12-24,6062
4004,2019-12-25,6034
4005,2019-12-26,5991
4006,2019-12-27,5946
4007,2019-12-28,5959
4008,2019-12-29,5986
4009,2019-12-30,5964
4010,2019-12-31,5858
4011,2020-01-01,5809
4012,2020-01-02,5771
4013,2020-01-03,5749
4014,2020-01-04,5735
4015,2020-01-05,5759
4016,2020-01-06,5771
4017,2020-01-07,5757
4018,2020-01-08,5746
4019,2020-01-09,5759
4020,2020-01-10,5764
4021,2020-01-11,5756
4022,2020-01-12,5786
4023,2020-01-13,5789
4024,2020-01-14,5736
4025,2020-01-15,5709
4026,2020-01-16,5659
4027,2020-01-17,5648
4028,2020-01-18,5645
4029,2020-01-19,5675
4030,2020-01-20,5690
4031,2020-01-21,5674
4032,2020-01-22,5652
4033,2020-01-23,5630
4034,2020-01-24,5629
4035,2020-01-25,5618
4036,2020-01-26,5655
4037,2020-01-27,5642
4038,2020-01-28,5597
4039,2020-01-29,5578
4040,2020-01-30,5577
4041,2020-01-31,5520
4042,2020-02-01,5525
4043,2020-02-02,5561
4044,2020-02-03,5539
4045,2020-02-04,5514
4046,2020-02-05,5491
4047,2020-02-06,5473
4048,2020-02-07,5465
4049,2020-02-08,5458
4050,2020-02-09,5494
4051,2020-02-10,5493
4052,2020-02-11,5423
4053,2020-02-12,5417
4054,2020-02-13,5420
4055,2020-02-14,5404
4056,2020-02-15,5389
4057,2020-02-16,5419
4058,2020-02-17,5439
4059,2020-02-18,5452
4060,2020-02-19,5455
4061,2020-02-20,5441
4062,2020-02-21,5437
4063,2020-02-22,5425
4064,2020-02-23,5454
4065,2020-02-24,5459
4066,2020-02-25,5439
4067,2020-02-26,5431
4068,2020-02-27,5440
4069,2020-02-28,5432
4070,2020-02-29,5446
4071,2020-03-01,5472
4072,2020-03-02,5453
4073,2020-03-03,5415
4074,2020-03-04,5421
4075,2020-03-05,5422
4076,2020-03-06,5422
4077,2020-03-07,5410
4078,2020-03-08,5447
4079,2020-03-09,5437
4080,2020-03-10,5431
4081,2020-03-11,5432
4082,2020-03-12,5421
4083,2020-03-13,5427
4084,2020-03-14,5442
4085,2020-03-15,5477
4086,2020-03-16,5470
4087,2020-03-17,5423
4088,2020-03-18,5418
4089,2020-03-19,5420
4090,2020-03-20,5363
4091,2020-03-21,5313
4092,2020-03-22,5301
4093,2020-03-23,5293
4094,2020-03-24,5266
4095,2020-03-25,5201
4096,2020-03-26,5073
4097,2020-03-27,4858
4098,2020-03-28,4739
4099,2020-03-29,4636
4100,2020-03-30,4639
4101,2020-03-31,4603
4102,2020-04-01,4562
4103,2020-04-02,4528
4104,2020-04-03,4421
4105,2020-04-04,4375
4106,2020-04-05,4371
4107,2020-04-06,4382
4108,2020-04-07,4352
4109,2020-04-08,4316
4110,2020-04-09,4262
4111,2020-04-10,4207
4112,2020-04-11,4139
4113,2020-04-12,4142
4114,2020-04-13,4142
4115,2020-04-14,4104
4116,2020-04-15,4054
4117,2020-04-16,4034
4118,2020-04-17,4011
4119,2020-04-18,3968
4120,2020-04-19,3975
4121,2020-04-21,3951
4122,2020-04-22,3927
4123,2020-04-23,3853
4124,2020-04-24,3838
4125,2020-04-25,3821
4126,2020-04-26,3831
4127,2020-04-27,3847
4128,2020-04-28,3828
4129,2020-04-29,3808
4130,2020-04-30,3814
4131,2020-05-01,3835
4132,2020-05-02,3827
4133,2020-05-03,3852
4134,2020-05-04,3865
4135,2020-05-05,3860
4136,2020-05-06,3866
4137,2020-05-07,3888
4138,2020-05-08,3883
4139,2020-05-09,3875
4140,2020-05-10,3884
4141,2020-05-11,3898
4142,2020-05-12,3892
4143,2020-05-13,3874
4144,2020-05-14,3889
4145,2020-05-15,3900
4146,2020-05-16,3905
4147,2020-05-17,3931
4148,2020-05-18,3942
4149,2020-05-19,3926
4150,2020-05-20,3921
4151,2020-05-21,3929
4152,2020-05-22,3937
4153,2020-05-23,3941
4154,2020-05-24,3961
4155,2020-05-25,3972
4156,2020-05-26,3990
4157,2020-05-27,3977
4158,2020-05-28,3988
4159,2020-05-29,3978
4160,2020-05-30,3978
4161,2020-05-31,4002
4162,2020-06-01,4023
4163,2020-06-02,4003
4164,2020-06-03,3986
4165,2020-06-04,3975
4166,2020-06-05,3974
4167,2020-06-06,3958
4168,2020-06-07,3976
4169,2020-06-08,3989
4170,2020-06-09,3988
4171,2020-06-10,3963
4172,2020-06-11,3952
4173,2020-06-12,3948
4174,2020-06-13,3942
4175,2020-06-14,3958
4176,2020-06-15,3969
4177,2020-06-16,3954
4178,2020-06-17,3949
4179,2020-06-18,3944
4180,2020-06-19,3933
4181,2020-06-20,3944
4182,2020-06-21,3957
4183,2020-06-22,3960
4184,2020-06-23,3942
4185,2020-06-24,3946
4186,2020-06-25,3941
4187,2020-06-26,3945
4188,2020-06-27,3939
4189,2020-06-28,3947
4190,2020-06-29,3951
4191,2020-06-30,3939
4192,2020-07-01,3935
4193,2020-07-02,3937
4194,2020-07-03,3924
4195,2020-07-04,3940
4196,2020-07-05,3955
4197,2020-07-06,3964
4198,2020-07-07,3961
4199,2020-07-08,3942
4200,2020-07-09,3936
4201,2020-07-10,3942
4202,2020-07-11,3936
4203,2020-07-12,3954
4204,2020-07-13,3971
4205,2020-07-14,3937
4206,2020-07-15,3937
4207,2020-07-16,3926
4208,2020-07-17,3925
4209,2020-07-18,3928
4210,2020-07-19,3946
4211,2020-07-20,3951
4212,2020-07-21,3931
4213,2020-07-22,3946
4214,2020-07-23,3948
4215,2020-07-24,3955
4216,2020-07-25,3948
4217,2020-07-26,3962
4218,2020-07-27,3963
4219,2020-07-28,3957
4220,2020-07-29,3959
4221,2020-07-30,3971
4222,2020-07-31,3979
4223,2020-08-01,3973
4224,2020-08-02,3987
4225,2020-08-03,4008
4226,2020-08-04,4004
4227,2020-08-05,4004
4228,2020-08-06,3999
4229,2020-08-07,4014
4230,2020-08-08,4025
4231,2020-08-09,4042
4232,2020-08-10,4056
4233,2020-08-11,4041
4234,2020-08-12,4035
4235,2020-08-13,4036
4236,2020-08-14,4054
4237,2020-08-15,4068
4238,2020-08-16,4079
4239,2020-08-17,4103
4240,2020-08-18,4095
4241,2020-08-19,4114
4242,2020-08-20,4105
4243,2020-08-21,4109
4244,2020-08-22,4107
4245,2020-08-23,4131
4246,2020-08-24,4146
4247,2020-08-25,4128
4248,2020-08-26,4136
4249,2020-08-27,4134
4250,2020-08-28,4139
4251,2020-08-29,4143
4252,2020-08-30,4159
4253,2020-08-31,4183
4254,2020-09-01,4162
4255,2020-09-02,4161
4256,2020-09-03,4131
4257,2020-09-04,4154
4258,2020-09-05,4159
4259,2020-09-06,4195
4260,2020-09-07,4233
4261,2020-09-08,4264
4262,2020-09-09,4291
4263,2020-09-10,4279
4264,2020-09-11,4282
4265,2020-09-12,4288
4266,2020-09-13,4294
4267,2020-09-14,4296
4268,2020-09-15,4279
4269,2020-09-16,4279
4270,2020-09-17,4281
4271,2020-09-18,4290
4272,2020-09-19,4298
4273,2020-09-20,4328
4274,2020-09-21,4334
4275,2020-09-22,4306
4276,2020-09-23,4311
4277,2020-09-24,4331
4278,2020-09-25,4347
4279,2020-09-26,4336
4280,2020-09-27,4366
4281,2020-09-28,4383
4282,2020-09-29,4369
4283,2020-09-30,4374
4284,2020-10-01,4363
4285,2020-10-02,4379
4286,2020-10-03,4387
4287,2020-10-04,4416
4288,2020-10-05,4427
4289,2020-10-06,4411
4290,2020-10-07,4410
4291,2020-10-08,4405
4292,2020-10-09,4433
4293,2020-10-10,4454
4294,2020-10-11,4477
4295,2020-10-12,4512
4296,2020-10-13,4511
4297,2020-10-14,4510
4298,2020-10-15,4503
4299,2020-10-16,4507
4300,2020-10-17,4505
4301,2020-10-18,4538
4302,2020-10-19,4552
4303,2020-10-20,4562
4304,2020-10-21,4564
4305,2020-10-22,4570
4306,2020-10-23,4587
4307,2020-10-24,4606
4308,2020-10-25,4635
4309,2020-10-26,4647
4310,2020-10-27,4635
4311,2020-10-28,4636
4312,2020-10-29,4617
4313,2020-10-30,4643
4314,2020-10-31,4644
4315,2020-11-01,4668
4316,2020-11-02,4671
4317,2020-11-03,4664
4318,2020-11-04,4688
4319,2020-11-05,4670
4320,2020-11-06,4665
4321,2020-11-07,4659
4322,2020-11-08,4689
4323,2020-11-09,4705
4324,2020-11-10,4699
4325,2020-11-11,4685
4326,2020-11-12,4713
4327,2020-11-13,4722
4328,2020-11-14,4728
4329,2020-11-15,4752
4330,2020-11-16,4757
4331,2020-11-17,4726
4332,2020-11-18,4715
4333,2020-11-19,4732
4334,2020-11-20,4755
4335,2020-11-21,4774
4336,2020-11-22,4805
4337,2020-11-23,4810
4338,2020-11-24,4784
4339,2020-11-25,4772
4340,2020-11-26,4773
4341,2020-11-27,4801
4342,2020-11-28,4786
4343,2020-11-29,4805
4344,2020-11-30,4816
4345,2020-12-01,4801
4346,2020-12-02,4806
4347,2020-12-03,4803
4348,2020-12-04,4809
4349,2020-12-05,4818
4350,2020-12-06,4849
4351,2020-12-07,4867
4352,2020-12-08,4870
4353,2020-12-09,4865
4354,2020-12-10,4854
4355,2020-12-11,4867
4356,2020-12-12,4874
4357,2020-12-13,4897
4358,2020-12-14,4918
4359,2020-12-15,4915
4360,2020-12-16,4921
4361,2020-12-17,4905
4362,2020-12-18,4903
4363,2020-12-19,4882
4364,2020-12-20,4905
4365,2020-12-21,4912
4366,2020-12-22,4901
4367,2020-12-23,4894
4368,2020-12-24,4896
4369,2020-12-25,4891
4370,2020-12-26,4906
4371,2020-12-27,4916
4372,2020-12-28,4932
4373,2020-12-29,4953
4374,2020-12-30,4955
4375,2020-12-31,4972
4376,2021-01-01,4965
4377,2021-01-02,5002
4378,2021-01-03,5014
4379,2021-01-04,5037
4380,2021-01-05,5044
4381,2021-01-06,5043
4382,2021-01-07,5063
4383,2021-01-08,5068
4384,2021-01-09,5084
4385,2021-01-10,5116
4386,2021-01-11,5144
4387,2021-01-12,5144
4388,2021-01-13,5136
4389,2021-01-14,5158
4390,2021-01-15,5156
4391,2021-01-16,5143
4392,2021-01-17,5164
4393,2021-01-18,5197
4394,2021-01-19,5210
4395,2021-01-20,5198
4396,2021-01-21,5211
4397,2021-01-22,5222
4398,2021-01-23,5229
4399,2021-01-24,5262
4400,2021-01-25,5277
4401,2021-01-26,5277
4402,2021-01-27,5277
4403,2021-01-28,5286
4404,2021-01-29,5314
4405,2021-01-30,5306
4406,2021-01-31,5326
4407,2021-02-01,5336
4408,2021-02-03,5335
4409,2021-02-04,5325
4410,2021-02-05,5337
4411,2021-02-06,5335
4412,2021-02-07,5387
4413,2021-02-09,5387
4414,2021-02-10,5368
4415,2021-02-11,5383
4416,2021-02-12,5362
4417,2021-02-13,5399
4418,2021-02-14,5432
4419,2021-02-15,5460
4420,2021-02-16,5460
4421,2021-02-17,5449
4422,2021-02-18,5449
4423,2021-02-19,5474
4424,2021-02-20,5461
4425,2021-02-21,5489
4426,2021-02-22,5517
4427,2021-02-23,5506
4428,2021-02-24,5493
4429,2021-02-25,5520
4430,2021-02-26,5519
4431,2021-02-27,5526
4432,2021-02-28,5555
4433,2021-03-01,5571
4434,2021-03-02,5572
4435,2021-03-03,5555
4436,2021-03-04,5542
4437,2021-03-05,5565
4438,2021-03-06,5575
4439,2021-03-07,5599
4440,2021-03-08,5626
4441,2021-03-09,5611
4442,2021-03-10,5610
4443,2021-03-11,5623
4444,2021-03-12,5633
4445,2021-03-13,5639
4446,2021-03-14,5663
4447,2021-03-15,5691
4448,2021-03-16,5685
4449,2021-03-17,5679
4450,2021-03-18,5672
4451,2021-03-19,5682
4452,2021-03-20,5672
4453,2021-03-21,5705
4454,2021-03-22,5734
4455,2021-03-23,5735
4456,2021-03-24,5746
4457,2021-03-25,5763
4458,2021-03-26,5772
4459,2021-03-27,5765
4460,2021-03-28,5776
4461,2021-03-29,5801
4462,2021-03-30,5768
4463,2021-03-31,5744
4464,2021-04-01,5727
4465,2021-04-02,5739
4466,2021-04-03,5732
4467,2021-04-04,5766
4468,2021-04-05,5771
4469,2021-04-06,5737
4470,2021-04-07,5716
4471,2021-04-08,5705
4472,2021-04-09,5710
4473,2021-04-10,5704
4474,2021-04-11,5717
4475,2021-04-12,5737
4476,2021-04-13,5711
4477,2021-04-14,5708
4478,2021-04-15,5695
4479,2021-04-16,5708
4480,2021-04-17,5704
4481,2021-04-18,5722
4482,2021-04-19,5733
4483,2021-04-20,5697
4484,2021-04-21,5704
4485,2021-04-22,5680
4486,2021-04-23,5680
4487,2021-04-24,5676
4488,2021-04-25,5701
4489,2021-04-26,5711
4490,2021-04-27,5671
4491,2021-04-28,5698
4492,2021-04-29,5674
4493,2021-04-30,5688
4494,2021-05-01,5673
4495,2021-05-02,5695
4496,2021-05-03,5710
4497,2021-05-04,5668
4498,2021-05-05,5655
4499,2021-05-06,5619
4500,2021-05-07,5642
4501,2021-05-08,5640
4502,2021-05-09,5669
4503,2021-05-10,5705
4504,2021-05-11,5659
4505,2021-05-12,5654
4506,2021-05-13,5640
4507,2021-05-14,5642
4508,2021-05-15,5631
4509,2021-05-16,5662
4510,2021-05-17,5687
4511,2021-05-18,5658
4512,2021-05-19,5639
4513,2021-05-20,5627
4514,2021-05-21,5644
4515,2021-05-22,5647
4516,2021-05-23,5678
4517,2021-05-24,5718
4518,2021-05-25,5719
4519,2021-05-26,5682
4520,2021-05-27,5679
4521,2021-05-28,5692
4522,2021-05-29,5693
4523,2021-05-30,5719
4524,2021-05-31,5740
4525,2021-06-01,5753
4526,2021-06-02,5723
4527,2021-06-03,5694
4528,2021-06-04,5707
4529,2021-06-05,5722
4530,2021-06-06,5756
4531,2021-06-07,5779
4532,2021-06-08,5743
4533,2021-06-09,5748
4534,2021-06-10,5747
4535,2021-06-11,5751
4536,2021-06-12,5754
4537,2021-06-13,5791
4538,2021-06-14,5813
4539,2021-06-15,5786
4540,2021-06-16,5779
4541,2021-06-17,5755
4542,2021-06-18,5775
4543,2021-06-19,5805
4544,2021-06-20,5845
4545,2021-06-21,5872
4546,2021-06-22,5852
4547,2021-06-23,5858
4548,2021-06-24,5840
4549,2021-06-25,5836
4550,2021-06-26,5831
4551,2021-06-27,5870
4552,2021-06-28,5893
4553,2021-06-29,5850
4554,2021-06-30,5840
4555,2021-07-01,5800
4556,2021-07-02,5825
4557,2021-07-03,5814
4558,2021-07-04,5841
4559,2021-07-05,5881
4560,2021-07-06,5883
4561,2021-07-07,5876
4562,2021-07-08,5842
4563,2021-07-09,5850
4564,2021-07-10,5860
4565,2021-07-11,5881
4566,2021-07-12,5906
4567,2021-07-13,5859
4568,2021-07-14,5840
4569,2021-07-15,5831
4570,2021-07-16,5836
4571,2021-07-17,5843
4572,2021-07-18,5886
4573,2021-07-19,5925
4574,2021-07-20,5927
4575,2021-07-21,5910
4576,2021-07-22,5888
4577,2021-07-23,5900
4578,2021-07-24,5890
4579,2021-07-25,5927
4580,2024-07-31,6389
4581,2024-08-01,6376
4582,2024-08-02,6379
4583,2024-08-03,6377
4584,2024-08-04,6425
4585,2024-08-05,6435
4586,2024-08-06,6414
4587,2024-08-07,6422
4588,2024-08-08,6421
4589,2024-08-09,6408
4590,2024-08-10,6375
4591,2024-08-11,6421
4592,2024-08-12,6452
4593,2024-08-13,6430
4594,2024-08-14,6448
4595,2024-08-15,6426
4596,2024-08-16,6451
4597,2024-08-17,6434
4598,2024-08-18,6481
4599,2024-08-19,6508
4600,2024-08-22,6487
4601,2024-08-23,6485
4602,2024-08-24,6461
4603,2024-08-25,6494
4604,2024-08-26,6516
4605,2024-08-27,6497
4606,2024-08-28,6465
4607,2024-08-29,6461
4608,2024-08-30,6446
4609,2024-08-31,6421
4610,2024-09-01,6467
4611,2024-09-02,6503
4612,2024-09-03,6508
4613,2024-09-04,6518
4614,2024-09-05,6522
4615,2024-09-06,6523
4616,2024-09-07,6485
4617,2024-09-08,6525
4618,2024-09-09,6537
4619,2024-09-10,6525
4620,2024-09-12,6477
4621,2024-09-13,6487
4622,2024-09-14,6486
4623,2024-09-15,6538
4624,2024-09-16,6543
4625,2024-09-17,6518
4626,2024-09-18,6507
4627,2024-09-19,6498
